Volcano Number,Volcano Name,Start Year,Start Month,Latitude,Longitude
300130,Karymsky,2025,4,54.049,159.443
273010,Bulusan,2025,4,12.769,124.056
334050,Northern EPR at 9.8°N,2025,4,9.83,-104.3
300260,Klyuchevskoy,2025,4,56.056,160.642
371020,Reykjanes,2025,4,63.817,-22.717
252120,Ulawun,2025,3,-5.05,151.33
263340,Raung,2025,3,-8.119,114.056
311160,Atka Volcanic Complex,2025,2,52.331,-174.139
351060,Purace,2025,1,2.3095,-76.3948
264230,Lewotolok,2025,1,-8.274,123.508
344040,Telica,2025,1,12.606,-86.84
345040,Poas,2025,1,10.2,-84.233
300250,Bezymianny,2024,12,55.972,160.595
332010,Kilauea,2024,12,19.421,-155.287
263200,Dieng Volcanic Complex,2024,12,-7.2,109.879
263340,Raung,2024,12,-8.119,114.056
243080,Home Reef,2024,12,-18.992,-174.775
261230,Dempo,2024,11,-4.016,103.121
272020,Kanlaon,2024,16,10.4096,123.13
357090,Copahue,2024,16,-37.856,-71.183
257040,Ambrym,2024,16,-16.25,168.12
332010,Kilauea,2024,9,19.421,-155.287
282060,Kikai,2024,9,30.793,130.305
284141,Ahyi,2024,8,20.42,145.03
344020,San Cristobal,2024,7,12.702,-87.004
257030,Ambae,2024,6,-15.389,167.835
300130,Karymsky,2024,6,54.049,159.443
243080,Home Reef,2024,6,-18.992,-174.775
332010,Kilauea,2024,6,19.421,-155.287
272020,Kanlaon,2024,6,10.4096,123.13
273030,Mayon,2024,5,13.257,123.685
261170,Kerinci,2024,5,-1.697,101.264
261230,Dempo,2024,5,-4.016,103.121
261270,Suoh,2024,5,-5.25,104.27
241040,Whakaari/White Island,2024,5,-37.52,177.18
344120,Concepcion,2024,5,11.538,-85.622
354020,Ubinas,2024,5,-16.345,-70.8972
267010,Ruang,2024,4,2.3058,125.3671
273070,Taal,2024,4,14.0106,120.9975
311160,Atka Volcanic Complex,2024,3,52.331,-174.139
260010,Barren Island,2024,3,12.278,93.858
353010,Fernandina,2024,3,-0.37,-91.55
257040,Ambrym,2024,1,-16.25,168.12
284141,Ahyi,2024,1,20.42,145.03
264180,Lewotobi,2023,12,-8.542,122.775
311110,Kanaga,2023,12,51.923,-177.168
371020,Reykjanes,2023,12,63.817,-22.717
263310,Tengger Caldera,2023,12,-7.942,112.95
257030,Ambae,2023,12,-15.389,167.835
261140,Marapi,2023,12,-0.38,100.474
345040,Poas,2023,12,10.2,-84.233
351060,Purace,2023,11,2.3095,-76.3948
284120,Ioto,2023,16,24.751,141.289
243080,Home Reef,2023,16,-18.992,-174.775
284202,Ruby,2023,9,15.605,145.572
345040,Poas,2023,8,10.2,-84.233
261230,Dempo,2023,7,-4.016,103.121
252120,Ulawun,2023,7,-5.05,151.33
311360,Shishaldin,2023,7,54.756,-163.97
371032,Fagradalsfjall,2023,7,63.895,-22.258
344020,San Cristobal,2023,7,12.702,-87.004
233020,"Fournaise, Piton de la",2023,7,-21.244,55.708
300260,Klyuchevskoy,2023,6,56.056,160.642
354020,Ubinas,2023,6,-16.345,-70.8972
273030,Mayon,2023,4,13.257,123.685
252120,Ulawun,2023,3,-5.05,151.33
257030,Ambae,2023,2,-15.389,167.835
267020,Karangetang,2023,2,2.781,125.407
257060,East Epi,2023,1,-16.6797,168.3893
290360,Chikurachki,2023,1,50.324,155.461
261140,Marapi,2023,1,-0.38,100.474
260010,Barren Island,2022,12,12.278,93.858
355100,Lascar,2022,12,-23.37,-67.73
211060,Etna,2022,11,37.748,14.999
332020,Mauna Loa,2022,11,19.475,-155.608
284141,Ahyi,2022,11,20.42,145.03
300260,Klyuchevskoy,2022,11,56.056,160.642
343100,San Miguel,2022,11,13.434,-88.269
352050,Cotopaxi,2022,16,-0.677,-78.436
261170,Kerinci,2022,16,-1.697,101.264
290260,Chirinkotan,2022,16,48.98,153.48
273070,Taal,2022,16,14.0106,120.9975
284096,Nishinoshima,2022,16,27.247,140.874
233020,"Fournaise, Piton de la",2022,9,-21.244,55.708
243080,Home Reef,2022,9,-18.992,-174.775
290390,Alaid,2022,9,50.861,155.565
284100,Kaitoku Seamount,2022,8,26.1217,141.0955
371032,Fagradalsfjall,2022,8,63.895,-22.258
345070,Turrialba,2022,7,10.025,-83.767
284120,Ioto,2022,7,24.751,141.289
290380,Ebeko,2022,6,50.686,156.014
273030,Mayon,2022,6,13.257,123.685
273010,Bulusan,2022,6,12.769,124.056
252120,Ulawun,2022,6,-5.05,151.33
261230,Dempo,2022,5,-4.016,103.121
263340,Raung,2022,5,-8.119,114.056
257020,Gaua,2022,5,-14.281,167.514
345040,Poas,2022,4,10.2,-84.233
351060,Purace,2022,3,2.3095,-76.3948
284110,Kita-Ioto,2022,3,25.424,141.284
300250,Bezymianny,2022,3,55.972,160.595
264050,Sangeang Api,2022,2,-8.2,119.07
257040,Ambrym,2022,1,-16.25,168.12
290360,Chikurachki,2022,1,50.324,155.461
353020,Wolf,2022,1,0.02,-91.35
233020,"Fournaise, Piton de la",2021,12,-21.244,55.708
243040,Hunga Tonga-Hunga Ha'apai,2021,12,-20.5532,-175.3841
257030,Ambae,2021,12,-15.389,167.835
273083,Pinatubo,2021,11,15.13,120.35
264250,Iliwerung,2021,11,-8.532,123.573
257020,Gaua,2021,11,-14.281,167.514
273070,Taal,2021,11,14.0106,120.9975
345070,Turrialba,2021,11,10.025,-83.767
267020,Karangetang,2021,16,2.781,125.407
282110,Asosan,2021,16,32.8849,131.085
332010,Kilauea,2021,9,19.421,-155.287
383010,La Palma,2021,9,28.57,-17.83
284096,Nishinoshima,2021,8,27.247,140.874
284130,Fukutoku-Oka-no-Ba,2021,8,24.285,141.481
284120,Ioto,2021,8,24.751,141.289
290260,Chirinkotan,2021,8,48.98,153.48
312030,Pavlof,2021,8,55.417,-161.894
284170,Pagan,2021,7,18.13,145.8
264270,Sirung,2021,7,-8.4972,124.1306
252120,Ulawun,2021,7,-5.05,151.33
357090,Copahue,2021,7,-37.856,-71.183
273070,Taal,2021,7,14.0106,120.9975
345020,Rincon de la Vieja,2021,6,10.83,-85.324
345070,Turrialba,2021,6,10.025,-83.767
311120,Great Sitkin,2021,5,52.076,-176.13
262000,Krakatau,2021,5,-6.1009,105.4233
263200,Dieng Volcanic Complex,2021,4,-7.2,109.879
344040,Telica,2021,4,12.606,-86.84
233020,"Fournaise, Piton de la",2021,4,-21.244,55.708
290360,Chikurachki,2021,3,50.324,155.461
371032,Fagradalsfjall,2021,3,63.895,-22.258
312070,Veniaminof,2021,2,56.17,-159.38
311060,Semisopochnoi,2021,2,51.93,179.58
263340,Raung,2021,1,-8.119,114.056
263250,Merapi,2020,12,-7.54,110.446
284120,Ioto,2020,12,24.751,141.289
360150,Soufriere St. Vincent,2020,12,13.33,-61.18
344020,San Cristobal,2020,12,12.702,-87.004
263310,Tengger Caldera,2020,12,-7.942,112.95
332010,Kilauea,2020,12,19.421,-155.287
233020,"Fournaise, Piton de la",2020,12,-21.244,55.708
264230,Lewotolok,2020,11,-8.274,123.508
282060,Kikai,2020,16,30.793,130.305
282050,Kuchinoerabujima,2020,8,30.443,130.217
261080,Sinabung,2020,8,3.17,98.392
344040,Telica,2020,7,12.606,-86.84
263340,Raung,2020,7,-8.119,114.056
345070,Turrialba,2020,6,10.025,-83.767
357090,Copahue,2020,6,-37.856,-71.183
311240,Cleveland,2020,6,52.825,-169.944
282060,Kikai,2020,4,30.793,130.305
300130,Karymsky,2020,4,54.049,159.443
266030,Soputan,2020,3,1.112,124.737
290240,Sarychev Peak,2020,2,48.092,153.2
343100,San Miguel,2020,2,13.434,-88.269
233020,"Fournaise, Piton de la",2020,2,-21.244,55.708
345020,Rincon de la Vieja,2020,1,10.83,-85.324
353010,Fernandina,2020,1,-0.37,-91.55
273070,Taal,2020,1,14.0106,120.9975
282050,Kuchinoerabujima,2020,1,30.443,130.217
241040,Whakaari/White Island,2019,12,-37.52,177.18
311060,Semisopochnoi,2019,12,51.93,179.58
284096,Nishinoshima,2019,12,27.247,140.874
282060,Kikai,2019,11,30.793,130.305
243070,Lateiki,2019,16,-19.18,-174.87
283110,Asamayama,2019,8,36.406,138.523
243091,Unnamed,2019,8,-18.325,-174.365
357090,Copahue,2019,8,-37.856,-71.183
263090,Tangkuban Parahu,2019,7,-6.77,107.6
311360,Shishaldin,2019,7,54.756,-163.97
311060,Semisopochnoi,2019,7,51.93,179.58
252120,Ulawun,2019,6,-5.05,151.33
354020,Ubinas,2019,6,-16.345,-70.8972
290250,Raikoke,2019,6,48.292,153.25
233020,"Fournaise, Piton de la",2019,6,-21.244,55.708
311120,Great Sitkin,2019,6,52.076,-176.13
290240,Sarychev Peak,2019,5,48.092,153.2
341040,Colima,2019,5,19.514,-103.62
282110,Asosan,2019,4,32.8849,131.085
300260,Klyuchevskoy,2019,4,56.056,160.642
352090,Sangay,2019,3,-2.005,-78.341
344020,San Cristobal,2019,3,12.702,-87.004
263310,Tengger Caldera,2019,2,-7.942,112.95
233020,"Fournaise, Piton de la",2019,2,-21.244,55.708
300130,Karymsky,2019,2,54.049,159.443
345040,Poas,2019,2,10.2,-84.233
261080,Sinabung,2019,2,3.17,98.392
256010,Tinakula,2018,12,-10.386,165.804
267020,Karangetang,2018,11,2.781,125.407
357040,Planchon-Peteroa,2018,11,-35.223,-70.568
282050,Kuchinoerabujima,2018,16,30.443,130.217
268060,Gamalama,2018,16,0.81,127.3322
266030,Soputan,2018,16,1.112,124.737
260010,Barren Island,2018,9,12.278,93.858
252120,Ulawun,2018,9,-5.05,151.33
290240,Sarychev Peak,2018,9,48.092,153.2
311060,Semisopochnoi,2018,9,51.93,179.58
312070,Veniaminof,2018,9,56.17,-159.38
290390,Alaid,2018,8,50.861,155.565
345020,Rincon de la Vieja,2018,7,10.83,-85.324
284096,Nishinoshima,2018,7,27.247,140.874
267020,Karangetang,2018,7,2.781,125.407
233005,Mayotte,2018,7,-12.83,45.17
353050,"Negra, Sierra",2018,6,-0.83,-91.17
344040,Telica,2018,6,12.606,-86.84
262000,Krakatau,2018,6,-6.1009,105.4233
353010,Fernandina,2018,6,-0.37,-91.55
311120,Great Sitkin,2018,6,52.076,-176.13
352090,Sangay,2018,6,-2.005,-78.341
252120,Ulawun,2018,6,-5.05,151.33
345040,Poas,2018,5,10.2,-84.233
263250,Merapi,2018,5,-7.54,110.446
251020,Manam,2018,5,-4.08,145.037
261140,Marapi,2018,4,-0.38,100.474
344020,San Cristobal,2018,4,12.702,-87.004
261170,Kerinci,2018,4,-1.697,101.264
223020,Nyamulagira,2018,4,-1.408,29.2
233020,"Fournaise, Piton de la",2018,4,-21.244,55.708
263200,Dieng Volcanic Complex,2018,4,-7.2,109.879
282090,Kirishimayama,2018,3,31.934,130.862
352090,Sangay,2018,2,-2.005,-78.341
267020,Karangetang,2018,2,2.781,125.407
283120,Kusatsu-Shiranesan,2018,1,36.618,138.528
343100,San Miguel,2018,1,13.434,-88.269
273030,Mayon,2018,1,13.257,123.685
251002,Kadovar,2018,1,-3.608,144.588
272020,Kanlaon,2017,12,10.4096,123.13
264020,Agung,2017,11,-8.343,115.508
261230,Dempo,2017,11,-4.016,103.121
256010,Tinakula,2017,16,-10.386,165.804
290240,Sarychev Peak,2017,16,48.092,153.2
282090,Kirishimayama,2017,16,31.934,130.862
257030,Ambae,2017,9,-15.389,167.835
353010,Fernandina,2017,9,-0.37,-91.55
344020,San Cristobal,2017,8,12.702,-87.004
261170,Kerinci,2017,8,-1.697,101.264
352090,Sangay,2017,7,-2.005,-78.341
233020,"Fournaise, Piton de la",2017,7,-21.244,55.708
252120,Ulawun,2017,6,-5.05,151.33
263300,Semeru,2017,6,-8.108,112.922
273010,Bulusan,2017,6,12.769,124.056
300130,Karymsky,2017,6,54.049,159.443
261140,Marapi,2017,6,-0.38,100.474
357090,Copahue,2017,6,-37.856,-71.183
345020,Rincon de la Vieja,2017,5,10.83,-85.324
263200,Dieng Volcanic Complex,2017,4,-7.2,109.879
360160,Kick 'em Jenny,2017,4,12.3,-61.64
284096,Nishinoshima,2017,4,27.247,140.874
345040,Poas,2017,4,10.2,-84.233
222120,"Lengai, Ol Doinyo",2017,4,-2.764,35.914
282080,Aira,2017,3,31.5772,130.6589
300010,Kambalny,2017,3,51.306,156.875
264050,Sangeang Api,2017,2,-8.2,119.07
344020,San Cristobal,2017,2,12.702,-87.004
262000,Krakatau,2017,2,-6.1009,105.4233
233020,"Fournaise, Piton de la",2017,1,-21.244,55.708
243030,Unnamed,2017,1,-20.852,-175.55
260010,Barren Island,2017,1,12.278,93.858
343100,San Miguel,2017,1,13.434,-88.269
311300,Bogoslof,2016,12,53.93,-168.03
300250,Bezymianny,2016,12,55.972,160.595
290260,Chirinkotan,2016,11,48.98,153.48
223020,Nyamulagira,2016,11,-1.408,29.2
300120,Zhupanovsky,2016,11,53.589,159.15
261170,Kerinci,2016,11,-1.697,101.264
354006,Sabancaya,2016,11,-15.787,-71.857
290380,Ebeko,2016,16,50.686,156.014
252120,Ulawun,2016,16,-5.05,151.33
282110,Asosan,2016,16,32.8849,131.085
300130,Karymsky,2016,16,54.049,159.443
222120,"Lengai, Ol Doinyo",2016,9,-2.764,35.914
354020,Ubinas,2016,9,-16.345,-70.8972
241040,Whakaari/White Island,2016,9,-37.52,177.18
233020,"Fournaise, Piton de la",2016,9,-21.244,55.708
284120,Ioto,2016,8,24.751,141.289
268060,Gamalama,2016,8,0.81,127.3322
264030,Rinjani,2016,8,-8.42,116.47
290360,Chikurachki,2016,7,50.324,155.461
343100,San Miguel,2016,6,13.434,-88.269
273010,Bulusan,2016,6,12.769,124.056
345040,Poas,2016,6,10.2,-84.233
233020,"Fournaise, Piton de la",2016,5,-21.244,55.708
241040,Whakaari/White Island,2016,4,-37.52,177.18
390080,Bristol Island,2016,4,-59.017,-26.533
344020,San Cristobal,2016,4,12.702,-87.004
311240,Cleveland,2016,4,52.825,-169.944
261170,Kerinci,2016,3,-1.697,101.264
390130,Zavodovski,2016,3,-56.3,-27.57
290360,Chikurachki,2016,3,50.324,155.461
312030,Pavlof,2016,3,55.417,-161.894
352090,Sangay,2016,3,-2.005,-78.341
273010,Bulusan,2016,2,12.769,124.056
343100,San Miguel,2016,1,13.434,-88.269
357070,"Chillan, Nevados de",2016,1,-36.868,-71.378
266030,Soputan,2016,1,1.112,124.737
344090,Momotombo,2015,12,12.423,-86.539
300120,Zhupanovsky,2015,11,53.589,159.15
272020,Kanlaon,2015,11,10.4096,123.13
261140,Marapi,2015,11,-0.38,100.474
263310,Tengger Caldera,2015,11,-7.942,112.95
355100,Lascar,2015,16,-23.37,-67.73
264030,Rinjani,2015,16,-8.42,116.47
252010,Langila,2015,16,-5.525,148.42
344100,Masaya,2015,16,11.9844,-86.1688
243060,Tofua,2015,16,-19.75,-175.07
290390,Alaid,2015,9,50.861,155.565
344040,Telica,2015,9,12.606,-86.84
357090,Copahue,2015,9,-37.856,-71.183
266100,Lokon-Empung,2015,8,1.3644,124.7992
300260,Klyuchevskoy,2015,8,56.056,160.642
352050,Cotopaxi,2015,8,-0.677,-78.436
343100,San Miguel,2015,8,13.434,-88.269
284120,Ioto,2015,8,24.751,141.289
360160,Kick 'em Jenny,2015,7,12.3,-61.64
268060,Gamalama,2015,7,0.81,127.3322
264270,Sirung,2015,7,-8.4972,124.1306
283020,Hakoneyama,2015,6,35.233,139.021
222120,"Lengai, Ol Doinyo",2015,6,-2.764,35.914
283110,Asamayama,2015,6,36.406,138.523
345020,Rincon de la Vieja,2015,6,10.83,-85.324
342110,Pacaya,2015,6,14.382,-90.601
282050,Kuchinoerabujima,2015,5,30.443,130.217
353020,Wolf,2015,5,0.02,-91.35
266100,Lokon-Empung,2015,5,1.3644,124.7992
233020,"Fournaise, Piton de la",2015,5,-21.244,55.708
344040,Telica,2015,5,12.606,-86.84
273010,Bulusan,2015,5,12.769,124.056
331021,Axial Seamount,2015,4,45.95,-130
358020,Calbuco,2015,4,-41.33,-72.618
260010,Barren Island,2015,3,12.278,93.858
345070,Turrialba,2015,3,10.025,-83.767
344020,San Cristobal,2015,3,12.702,-87.004
290360,Chikurachki,2015,2,50.324,155.461
233020,"Fournaise, Piton de la",2015,2,-21.244,55.708
343100,San Miguel,2015,1,13.434,-88.269
352090,Sangay,2015,1,-2.005,-78.341
266030,Soputan,2015,1,1.112,124.737
300260,Klyuchevskoy,2015,1,56.056,160.642
243040,Hunga Tonga-Hunga Ha'apai,2014,12,-20.5532,-175.3841
268060,Gamalama,2014,12,0.81,127.3322
357120,Villarrica,2014,12,-39.42,-71.93
263340,Raung,2014,11,-8.119,114.056
384010,Fogo,2014,11,14.95,-24.35
290260,Chirinkotan,2014,11,48.98,153.48
351020,"Ruiz, Nevado del",2014,11,4.892,-75.324
312030,Pavlof,2014,11,55.417,-161.894
390090,Saunders,2014,11,-57.8,-26.483
345070,Turrialba,2014,16,10.025,-83.767
242050,Monowai,2014,16,-25.887,-177.188
283040,Ontakesan,2014,9,35.893,137.48
345020,Rincon de la Vieja,2014,9,10.83,-85.324
282110,Asosan,2014,8,32.8849,131.085
373030,Bardarbunga,2014,8,64.633,-17.516
342110,Pacaya,2014,8,14.382,-90.601
273030,Mayon,2014,8,13.257,123.685
282050,Kuchinoerabujima,2014,8,30.443,130.217
344020,San Cristobal,2014,7,12.702,-87.004
252140,Rabaul,2014,7,-4.2459,152.1937
357090,Copahue,2014,7,-37.856,-71.183
251020,Manam,2014,6,-4.08,145.037
223020,Nyamulagira,2014,6,-1.408,29.2
233020,"Fournaise, Piton de la",2014,6,-21.244,55.708
267020,Karangetang,2014,6,2.781,125.407
300120,Zhupanovsky,2014,6,53.589,159.15
312030,Pavlof,2014,5,55.417,-161.894
264050,Sangeang Api,2014,5,-8.2,119.07
284141,Ahyi,2014,4,20.42,145.03
263300,Semeru,2014,4,-8.108,112.922
262000,Krakatau,2014,3,-6.1009,105.4233
263250,Merapi,2014,3,-7.54,110.446
263180,Slamet,2014,3,-7.242,109.208
263280,Kelud,2014,2,-7.935,112.314
267020,Karangetang,2014,2,2.781,125.407
344020,San Cristobal,2014,2,12.702,-87.004
261140,Marapi,2014,2,-0.38,100.474
311360,Shishaldin,2014,1,54.756,-163.97
255060,Kavachi,2014,1,-8.991,157.979
282110,Asosan,2014,1,32.8849,131.085
242050,Monowai,2014,1,-25.887,-177.188
343100,San Miguel,2013,12,13.434,-88.269
284096,Nishinoshima,2013,11,27.247,140.874
263250,Merapi,2013,11,-7.54,110.446
262000,Krakatau,2013,16,-6.1009,105.4233
300120,Zhupanovsky,2013,16,53.589,159.15
263300,Semeru,2013,16,-8.108,112.922
260010,Barren Island,2013,16,12.278,93.858
263090,Tangkuban Parahu,2013,16,-6.77,107.6
221020,Zubair Group,2013,9,15.05,42.18
344040,Telica,2013,9,12.606,-86.84
261080,Sinabung,2013,9,3.17,98.392
211060,Etna,2013,9,37.748,14.999
354020,Ubinas,2013,9,-16.345,-70.8972
264250,Iliwerung,2013,8,-8.532,123.573
300260,Klyuchevskoy,2013,8,56.056,160.642
357120,Villarrica,2013,7,-39.42,-71.93
263250,Merapi,2013,7,-7.54,110.446
252120,Ulawun,2013,7,-5.05,151.33
263340,Raung,2013,6,-8.119,114.056
312070,Veniaminof,2013,6,56.17,-159.38
290260,Chirinkotan,2013,6,48.98,153.48
344020,San Cristobal,2013,6,12.702,-87.004
282060,Kikai,2013,6,30.793,130.305
261170,Kerinci,2013,6,-1.697,101.264
345070,Turrialba,2013,5,10.025,-83.767
312030,Pavlof,2013,5,55.417,-161.894
273030,Mayon,2013,5,13.257,123.685
355100,Lascar,2013,4,-23.37,-67.73
262000,Krakatau,2013,3,-6.1009,105.4233
342110,Pacaya,2013,3,14.382,-90.601
263090,Tangkuban Parahu,2013,2,-6.77,107.6
260010,Barren Island,2013,2,12.278,93.858
290070,Etorofu-Yakeyama [Grozny Group],2013,2,45.012,147.871
284305,Mariana Back-Arc Segment at 15.5°N,2013,2,15.406,144.506
352090,Sangay,2013,1,-2.005,-78.341
252140,Rabaul,2013,1,-4.2459,152.1937
341040,Colima,2013,1,19.514,-103.62
344020,San Cristobal,2012,12,12.702,-87.004
357090,Copahue,2012,12,-37.856,-71.183
352080,Tungurahua,2012,12,-1.467,-78.442
284120,Ioto,2012,12,24.751,141.289
252010,Langila,2012,12,-5.525,148.42
300240,Tolbachik,2012,11,55.832,160.326
241080,Tongariro,2012,11,-39.157,175.632
290150,Chirpoi,2012,11,46.532,150.871
252120,Ulawun,2012,11,-5.05,151.33
345020,Rincon de la Vieja,2012,16,10.83,-85.324
263340,Raung,2012,16,-8.119,114.056
264150,Paluweh,2012,16,-8.32,121.708
290390,Alaid,2012,16,50.861,155.565
261140,Marapi,2012,9,-0.38,100.474
266100,Lokon-Empung,2012,9,1.3644,124.7992
268060,Gamalama,2012,9,0.81,127.3322
344020,San Cristobal,2012,9,12.702,-87.004
234010,Heard,2012,9,-53.106,73.513
300260,Klyuchevskoy,2012,9,56.056,160.642
266030,Soputan,2012,8,1.112,124.737
290070,Etorofu-Yakeyama [Grozny Group],2012,8,45.012,147.871
241040,Whakaari/White Island,2012,8,-37.52,177.18
241080,Tongariro,2012,8,-39.157,175.632
242050,Monowai,2012,8,-25.887,-177.188
357090,Copahue,2012,7,-37.856,-71.183
242005,Havre Seamount,2012,7,-31.08,-179.033
284170,Pagan,2012,7,18.13,145.8
267020,Karangetang,2012,5,2.781,125.407
351080,Galeras,2012,5,1.22,-77.37
264270,Sirung,2012,5,-8.4972,124.1306
252120,Ulawun,2012,5,-5.05,151.33
252080,Witori,2012,5,-5.5745,150.5161
344100,Masaya,2012,4,11.9844,-86.1688
261140,Marapi,2012,3,-0.38,100.474
351020,"Ruiz, Nevado del",2012,2,4.892,-75.324
345020,Rincon de la Vieja,2012,2,10.83,-85.324
311110,Kanaga,2012,2,51.923,-177.168
300250,Bezymianny,2012,2,55.972,160.595
284120,Ioto,2012,2,24.751,141.289
345070,Turrialba,2012,1,10.025,-83.767
264230,Lewotolok,2012,1,-8.274,123.508
221020,Zubair Group,2011,12,15.05,42.18
261170,Kerinci,2011,12,-1.697,101.264
268060,Gamalama,2011,12,0.81,127.3322
352080,Tungurahua,2011,11,-1.467,-78.442
223020,Nyamulagira,2011,11,-1.408,29.2
358057,"Hudson, Cerro",2011,16,-45.9,-72.97
383020,Hierro,2011,16,27.73,-18.03
257020,Gaua,2011,9,-14.281,167.514
345020,Rincon de la Vieja,2011,8,10.83,-85.324
344020,San Cristobal,2011,8,12.702,-87.004
261140,Marapi,2011,8,-0.38,100.474
311240,Cleveland,2011,7,52.825,-169.944
266030,Soputan,2011,7,1.112,124.737
266100,Lokon-Empung,2011,6,1.3644,124.7992
222120,"Lengai, Ol Doinyo",2011,6,-2.764,35.914
221101,Nabro,2011,6,13.37,41.7
352090,Sangay,2011,6,-2.005,-78.341
257030,Ambae,2011,6,-15.389,167.835
357150,Puyehue-Cordon Caulle,2011,6,-40.59,-72.117
373010,Grimsvotn,2011,5,64.416,-17.316
242050,Monowai,2011,5,-25.887,-177.188
282110,Asosan,2011,5,32.8849,131.085
263300,Semeru,2011,5,-8.108,112.922
284170,Pagan,2011,4,18.13,145.8
352080,Tungurahua,2011,4,-1.467,-78.442
331021,Axial Seamount,2011,4,45.95,-130
300260,Klyuchevskoy,2011,3,56.056,160.642
252140,Rabaul,2011,3,-4.2459,152.1937
263250,Merapi,2011,3,-7.54,110.446
267020,Karangetang,2011,3,2.781,125.407
344040,Telica,2011,3,12.606,-86.84
266100,Lokon-Empung,2011,2,1.3644,124.7992
357040,Planchon-Peteroa,2011,2,-35.223,-70.568
282090,Kirishimayama,2011,1,31.934,130.862
345070,Turrialba,2011,1,10.025,-83.767
221041,Dallol,2011,1,14.242,40.3
263310,Tengger Caldera,2010,11,-7.942,112.95
352080,Tungurahua,2010,11,-1.467,-78.442
300230,Kizimen,2010,11,55.131,160.32
273010,Bulusan,2010,11,12.769,124.056
263250,Merapi,2010,16,-7.54,110.446
262000,Krakatau,2010,16,-6.1009,105.4233
233020,"Fournaise, Piton de la",2010,16,-21.244,55.708
260010,Barren Island,2010,9,12.278,93.858
357040,Planchon-Peteroa,2010,9,-35.223,-70.568
261080,Sinabung,2010,8,3.17,98.392
351080,Galeras,2010,8,1.22,-77.37
211060,Etna,2010,8,37.748,14.999
251020,Manam,2010,8,-4.08,145.037
267020,Karangetang,2010,8,2.781,125.407
252140,Rabaul,2010,7,-4.2459,152.1937
290380,Ebeko,2010,7,50.686,156.014
290270,Ekarma,2010,6,48.958,153.93
344020,San Cristobal,2010,6,12.702,-87.004
300070,Gorely,2010,6,52.5549,158.0358
311240,Cleveland,2010,5,52.825,-169.944
284193,South Sarigan Seamount,2010,5,16.58,145.78
252120,Ulawun,2010,5,-5.05,151.33
300250,Bezymianny,2010,5,55.972,160.595
284170,Pagan,2010,5,18.13,145.8
284040,Miyakejima,2010,4,34.094,139.526
211060,Etna,2010,4,37.748,14.999
282090,Kirishimayama,2010,3,31.934,130.862
372020,Eyjafjallajokull,2010,3,63.633,-19.633
284130,Fukutoku-Oka-no-Ba,2010,2,24.285,141.481
345070,Turrialba,2010,1,10.025,-83.767
263300,Semeru,2010,1,-8.108,112.922
223020,Nyamulagira,2010,1,-1.408,29.2
352080,Tungurahua,2010,1,-1.467,-78.442
300250,Bezymianny,2009,12,55.972,160.595
344120,Concepcion,2009,12,11.538,-85.622
357120,Villarrica,2009,11,-39.42,-71.93
345040,Poas,2009,11,10.2,-84.233
233020,"Fournaise, Piton de la",2009,11,-21.244,55.708
311240,Cleveland,2009,16,52.825,-169.944
257020,Gaua,2009,9,-14.281,167.514
263200,Dieng Volcanic Complex,2009,9,-7.2,109.879
252010,Langila,2009,9,-5.525,148.42
273030,Mayon,2009,9,13.257,123.685
344020,San Cristobal,2009,9,12.702,-87.004
300260,Klyuchevskoy,2009,8,56.056,160.642
221115,Manda Hararo,2009,6,12.17,40.82
311240,Cleveland,2009,6,52.825,-169.944
290240,Sarychev Peak,2009,6,48.092,153.2
242050,Monowai,2009,5,-25.887,-177.188
264030,Rinjani,2009,5,-8.42,116.47
263180,Slamet,2009,4,-7.242,109.208
353010,Fernandina,2009,4,-0.37,-91.55
261170,Kerinci,2009,4,-1.697,101.264
284040,Miyakejima,2009,4,34.094,139.526
262000,Krakatau,2009,3,-6.1009,105.4233
243040,Hunga Tonga-Hunga Ha'apai,2009,3,-20.5532,-175.3841
313030,Redoubt,2009,3,60.485,-152.742
290380,Ebeko,2009,2,50.686,156.014
357120,Villarrica,2009,1,-39.42,-71.93
283110,Asamayama,2009,1,36.406,138.523
263200,Dieng Volcanic Complex,2009,1,-7.2,109.879
345040,Poas,2009,1,10.2,-84.233
311240,Cleveland,2009,1,52.825,-169.944
261230,Dempo,2009,1,-4.016,103.121
300090,Koryaksky,2008,12,53.321,158.712
267020,Karangetang,2008,11,2.781,125.407
344020,San Cristobal,2008,11,12.702,-87.004
285070,Akan,2008,11,43.384,144.013
243120,Tafu-Maka,2008,11,-15.37,-174.23
243130,West Mata,2008,11,-15.1,-173.75
221060,Alu-Dalafilla,2008,11,13.793,40.553
357120,Villarrica,2008,16,-39.42,-71.93
351050,"Huila, Nevado del",2008,16,2.93,-76.03
351080,Galeras,2008,16,1.22,-77.37
300260,Klyuchevskoy,2008,16,56.056,160.642
256010,Tinakula,2008,9,-10.386,165.804
233020,"Fournaise, Piton de la",2008,9,-21.244,55.708
282090,Kirishimayama,2008,8,31.934,130.862
273030,Mayon,2008,8,13.257,123.685
283110,Asamayama,2008,8,36.406,138.523
311130,Kasatochi,2008,8,52.177,-175.508
344120,Concepcion,2008,7,11.538,-85.622
290360,Chikurachki,2008,7,50.324,155.461
352010,Reventador,2008,7,-0.077,-77.656
252070,Krummel-Garbuna-Welcker,2008,7,-5.416,150.027
311290,Okmok,2008,7,53.43,-168.13
300250,Bezymianny,2008,7,55.972,160.595
344040,Telica,2008,7,12.606,-86.84
241130,Rumble III,2008,7,-35.745,178.478
344020,San Cristobal,2008,6,12.702,-87.004
263340,Raung,2008,6,-8.119,114.056
266030,Soputan,2008,6,1.112,124.737
353060,"Azul, Cerro",2008,5,-0.92,-91.408
257040,Ambrym,2008,5,-16.25,168.12
260010,Barren Island,2008,5,12.278,93.858
284040,Miyakejima,2008,5,34.094,139.526
358041,Chaiten,2008,5,-42.8349,-72.6514
344100,Masaya,2008,4,11.9844,-86.1688
264160,Egon,2008,4,-8.676,122.455
268030,Ibu,2008,4,1.488,127.63
261170,Kerinci,2008,3,-1.697,101.264
252070,Krummel-Garbuna-Welcker,2008,3,-5.416,150.027
312070,Veniaminof,2008,2,56.17,-159.38
282110,Asosan,2008,2,32.8849,131.085
242050,Monowai,2008,2,-25.887,-177.188
345040,Poas,2008,1,10.2,-84.233
284040,Miyakejima,2008,1,34.094,139.526
351050,"Huila, Nevado del",2008,1,2.93,-76.03
357110,Llaima,2008,1,-38.692,-71.729
261160,Talang,2007,11,-0.979,100.681
284200,Anatahan,2007,11,16.35,145.67
344120,Concepcion,2007,11,11.538,-85.622
344020,San Cristobal,2007,11,12.702,-87.004
344040,Telica,2007,16,12.606,-86.84
262000,Krakatau,2007,16,-6.1009,105.4233
263280,Kelud,2007,16,-7.935,112.314
351080,Galeras,2007,16,1.22,-77.37
221010,"Tair, Jebel at",2007,9,15.55,41.83
241100,Ruapehu,2007,9,-39.28,175.57
261170,Kerinci,2007,9,-1.697,101.264
252080,Witori,2007,8,-5.5745,150.5161
290360,Chikurachki,2007,8,50.324,155.461
312030,Pavlof,2007,8,55.417,-161.894
221115,Manda Hararo,2007,8,12.17,40.82
263340,Raung,2007,7,-8.119,114.056
268040,Gamkonora,2007,7,1.38,127.53
311240,Cleveland,2007,6,52.825,-169.944
266030,Soputan,2007,6,1.112,124.737
222120,"Lengai, Ol Doinyo",2007,6,-2.764,35.914
357110,Llaima,2007,5,-38.692,-71.729
251070,Ritter Island,2007,5,-5.519,148.115
300250,Bezymianny,2007,5,55.972,160.595
252120,Ulawun,2007,5,-5.05,151.33
257050,Lopevi,2007,4,-16.507,168.346
255060,Kavachi,2007,4,-8.991,157.979
283040,Ontakesan,2007,3,35.893,137.48
261160,Talang,2007,3,-0.979,100.681
211060,Etna,2007,3,37.748,14.999
352010,Reventador,2007,3,-0.077,-77.656
290360,Chikurachki,2007,3,50.324,155.461
351050,"Huila, Nevado del",2007,2,2.93,-76.03
300260,Klyuchevskoy,2007,2,56.056,160.642
344120,Concepcion,2007,2,11.538,-85.622
264260,"Tara, Batu",2007,1,-7.791,123.585
233010,Karthala,2007,1,-11.75,43.38
266030,Soputan,2006,12,1.112,124.737
242050,Monowai,2006,12,-25.887,-177.188
344040,Telica,2006,12,12.606,-86.84
284170,Pagan,2006,12,18.13,145.8
223020,Nyamulagira,2006,11,-1.408,29.2
311160,Atka Volcanic Complex,2006,11,52.331,-174.139
257040,Ambrym,2006,11,-16.25,168.12
251070,Ritter Island,2006,16,-5.519,148.115
273010,Bulusan,2006,16,12.769,124.056
241100,Ruapehu,2006,16,-39.28,175.57
261230,Dempo,2006,9,-4.016,103.121
345040,Poas,2006,9,10.2,-84.233
312260,Fourpeaked,2006,9,58.77,-153.672
261160,Talang,2006,9,-0.979,100.681
344120,Concepcion,2006,9,11.538,-85.622
284040,Miyakejima,2006,8,34.094,139.526
252140,Rabaul,2006,8,-4.2459,152.1937
252010,Langila,2006,8,-5.525,148.42
243080,Home Reef,2006,8,-18.992,-174.775
344040,Telica,2006,8,12.606,-86.84
344100,Masaya,2006,8,11.9844,-86.1688
233020,"Fournaise, Piton de la",2006,7,-21.244,55.708
211060,Etna,2006,7,37.748,14.999
273030,Mayon,2006,7,13.257,123.685
267020,Karangetang,2006,7,2.781,125.407
272020,Kanlaon,2006,6,10.4096,123.13
233010,Karthala,2006,5,-11.75,43.38
355100,Lascar,2006,4,-23.37,-67.73
300250,Bezymianny,2006,4,55.972,160.595
354020,Ubinas,2006,3,-16.345,-70.8972
345040,Poas,2006,3,10.2,-84.233
273010,Bulusan,2006,3,12.769,124.056
285070,Akan,2006,3,43.384,144.013
284200,Anatahan,2006,3,16.35,145.67
242030,Raoul Island,2006,3,-29.27,-177.92
263250,Merapi,2006,3,-7.54,110.446
234010,Heard,2006,3,-53.106,73.513
342110,Pacaya,2006,3,14.382,-90.601
312070,Veniaminof,2006,3,56.17,-159.38
252120,Ulawun,2006,3,-5.05,151.33
273030,Mayon,2006,2,13.257,123.685
284040,Miyakejima,2006,2,34.094,139.526
256010,Tinakula,2006,2,-10.386,165.804
311240,Cleveland,2006,2,52.825,-169.944
266030,Soputan,2005,12,1.112,124.737
266020,Ambang,2005,12,0.75,124.42
211060,Etna,2005,12,37.748,14.999
313010,Augustine,2005,12,59.3626,-153.435
300250,Bezymianny,2005,11,55.972,160.595
257030,Ambae,2005,11,-15.389,167.835
233010,Karthala,2005,11,-11.75,43.38
351080,Galeras,2005,11,1.22,-77.37
344020,San Cristobal,2005,11,12.702,-87.004
257050,Lopevi,2005,16,-16.507,168.346
353050,"Negra, Sierra",2005,16,-0.83,-91.17
252070,Krummel-Garbuna-Welcker,2005,16,-5.416,150.027
233020,"Fournaise, Piton de la",2005,16,-21.244,55.708
221113,Dabbahu,2005,9,12.595,40.48
312070,Veniaminof,2005,9,56.17,-159.38
273030,Mayon,2005,8,13.257,123.685
334050,Northern EPR at 9.8°N,2005,8,9.83,-104.3
344120,Concepcion,2005,7,11.538,-85.622
234011,McDonald Islands,2005,7,-53.03,72.6
284130,Fukutoku-Oka-no-Ba,2005,7,24.285,141.481
343020,Santa Ana,2005,6,13.853,-89.63
260010,Barren Island,2005,5,12.278,93.858
353010,Fernandina,2005,5,-0.37,-91.55
355100,Lascar,2005,5,-23.37,-67.73
252010,Langila,2005,4,-5.525,148.42
266030,Soputan,2005,4,1.112,124.737
233010,Karthala,2005,4,-11.75,43.38
360050,Soufriere Hills,2005,4,16.72,-62.18
282110,Asosan,2005,4,32.8849,131.085
284040,Miyakejima,2005,4,34.094,139.526
261160,Talang,2005,4,-0.979,100.681
252120,Ulawun,2005,3,-5.05,151.33
311240,Cleveland,2005,3,52.825,-169.944
290360,Chikurachki,2005,3,50.324,155.461
344100,Masaya,2005,3,11.9844,-86.1688
242050,Monowai,2005,3,-25.887,-177.188
311160,Atka Volcanic Complex,2005,2,52.331,-174.139
233020,"Fournaise, Piton de la",2005,2,-21.244,55.708
264160,Egon,2005,2,-8.676,122.455
257050,Lopevi,2005,1,-16.507,168.346
290380,Ebeko,2005,1,50.686,156.014
252140,Rabaul,2005,1,-4.2459,152.1937
272020,Kanlaon,2005,1,10.4096,123.13
300260,Klyuchevskoy,2005,1,56.056,160.642
341090,Popocatepetl,2005,1,19.023,-98.622
312070,Veniaminof,2005,1,56.17,-159.38
344020,San Cristobal,2004,12,12.702,-87.004
284040,Miyakejima,2004,11,34.094,139.526
252010,Langila,2004,11,-5.525,148.42
352010,Reventador,2004,11,-0.077,-77.656
344040,Telica,2004,11,12.606,-86.84
373010,Grimsvotn,2004,11,64.416,-17.316
251020,Manam,2004,16,-4.08,145.037
282030,Suwanosejima,2004,16,29.638,129.714
266030,Soputan,2004,16,1.112,124.737
264030,Rinjani,2004,16,-8.42,116.47
321050,St. Helens,2004,16,46.2,-122.18
257050,Lopevi,2004,9,-16.507,168.346
300260,Klyuchevskoy,2004,9,56.056,160.642
211060,Etna,2004,9,37.748,14.999
283110,Asamayama,2004,9,36.406,138.523
261140,Marapi,2004,8,-0.38,100.474
357120,Villarrica,2004,8,-39.42,-71.93
386011,Nightingale Island,2004,7,-37.42,-12.48
290260,Chirinkotan,2004,7,48.98,153.48
342110,Pacaya,2004,7,14.382,-90.601
351080,Galeras,2004,7,1.22,-77.37
264160,Egon,2004,7,-8.676,122.455
234070,Marion Island,2004,6,-46.9,37.75
311160,Atka Volcanic Complex,2004,6,52.331,-174.139
261170,Kerinci,2004,6,-1.697,101.264
263310,Tengger Caldera,2004,6,-7.942,112.95
273030,Mayon,2004,6,13.257,123.685
267040,Awu,2004,6,3.689,125.447
341090,Popocatepetl,2004,5,19.023,-98.622
268030,Ibu,2004,5,1.488,127.63
223020,Nyamulagira,2004,5,-1.408,29.2
233020,"Fournaise, Piton de la",2004,5,-21.244,55.708
252120,Ulawun,2004,4,-5.05,151.33
284200,Anatahan,2004,4,16.35,145.67
267020,Karangetang,2004,4,2.781,125.407
344040,Telica,2004,3,12.606,-86.84
243060,Tofua,2004,3,-19.75,-175.07
255060,Kavachi,2004,3,-8.991,157.979
282060,Kikai,2004,3,30.793,130.305
360050,Soufriere Hills,2004,3,16.72,-62.18
285050,Tokachidake,2004,2,43.418,142.686
311360,Shishaldin,2004,2,54.756,-163.97
312070,Veniaminof,2004,2,56.17,-159.38
257060,East Epi,2004,2,-16.6797,168.3893
211060,Etna,2004,2,37.748,14.999
264160,Egon,2004,1,-8.676,122.455
252010,Langila,2004,1,-5.525,148.42
282110,Asosan,2004,1,32.8849,131.085
300250,Bezymianny,2004,1,55.972,160.595
251020,Manam,2003,16,-4.08,145.037
344100,Masaya,2003,9,11.9844,-86.1688
266100,Lokon-Empung,2003,9,1.3644,124.7992
357070,"Chillan, Nevados de",2003,8,-36.868,-71.378
268060,Gamalama,2003,7,0.81,127.3322
354006,Sabancaya,2003,7,-15.787,-71.857
300250,Bezymianny,2003,7,55.972,160.595
263200,Dieng Volcanic Complex,2003,7,-7.2,109.879
282110,Asosan,2003,7,32.8849,131.085
284211,NW Rota-1,2003,7,14.601,144.775
264200,Leroboleng,2003,6,-8.365,122.833
344020,San Cristobal,2003,6,12.702,-87.004
234010,Heard,2003,6,-53.106,73.513
257050,Lopevi,2003,6,-16.507,168.346
334040,Northern EPR at 10.7°N,2003,5,10.73,-103.58
233020,"Fournaise, Piton de la",2003,5,-21.244,55.708
264180,Lewotobi,2003,5,-8.542,122.775
357120,Villarrica,2003,5,-39.42,-71.93
251020,Manam,2003,5,-4.08,145.037
284200,Anatahan,2003,5,16.35,145.67
290360,Chikurachki,2003,4,50.324,155.461
244000,Vailulu'u,2003,4,-14.215,-169.058
252120,Ulawun,2003,4,-5.05,151.33
242050,Monowai,2003,4,-25.887,-177.188
357110,Llaima,2003,4,-38.692,-71.729
273030,Mayon,2003,3,13.257,123.685
272020,Kanlaon,2003,3,10.4096,123.13
282060,Kikai,2003,2,30.793,130.305
283110,Asamayama,2003,2,36.406,138.523
300250,Bezymianny,2002,12,55.972,160.595
266100,Lokon-Empung,2002,12,1.3644,124.7992
272020,Kanlaon,2002,11,10.4096,123.13
300260,Klyuchevskoy,2002,11,56.056,160.642
233020,"Fournaise, Piton de la",2002,11,-21.244,55.708
263100,Papandayan,2002,11,-7.32,107.73
352010,Reventador,2002,11,-0.077,-77.656
242050,Monowai,2002,11,-25.887,-177.188
251020,Manam,2002,16,-4.08,145.037
355100,Lascar,2002,16,-23.37,-67.73
344040,Telica,2002,16,12.606,-86.84
357110,Llaima,2002,16,-38.692,-71.729
264180,Lewotobi,2002,16,-8.542,122.775
273030,Mayon,2002,16,13.257,123.685
352020,Guagua Pichincha,2002,16,-0.171,-78.598
252140,Rabaul,2002,16,-4.2459,152.1937
267010,Ruang,2002,9,2.3058,125.3671
312070,Veniaminof,2002,9,56.17,-159.38
252120,Ulawun,2002,8,-5.05,151.33
284090,Izu-Torishima,2002,8,30.484,140.303
252080,Witori,2002,8,-5.5745,150.5161
223020,Nyamulagira,2002,7,-1.408,29.2
311160,Atka Volcanic Complex,2002,6,52.331,-174.139
263340,Raung,2002,6,-8.119,114.056
351080,Galeras,2002,6,1.22,-77.37
342110,Pacaya,2002,5,14.382,-90.601
344020,San Cristobal,2002,5,12.702,-87.004
252010,Langila,2002,5,-5.525,148.42
242050,Monowai,2002,5,-25.887,-177.188
223030,Nyiragongo,2002,5,-1.52,29.25
282060,Kikai,2002,5,30.793,130.305
352020,Guagua Pichincha,2002,4,-0.171,-78.598
300260,Klyuchevskoy,2002,4,56.056,160.642
257060,East Epi,2002,3,-16.6797,168.3893
266100,Lokon-Empung,2002,2,1.3644,124.7992
290360,Chikurachki,2002,1,50.324,155.461
223030,Nyiragongo,2002,1,-1.52,29.25
343100,San Miguel,2002,1,13.434,-88.269
251020,Manam,2002,1,-4.08,145.037
233020,"Fournaise, Piton de la",2002,1,-21.244,55.708
342090,Fuego,2002,1,14.4748,-90.8806
211060,Etna,2001,12,37.748,14.999
300250,Bezymianny,2001,12,55.972,160.595
360160,Kick 'em Jenny,2001,12,12.3,-61.64
352020,Guagua Pichincha,2001,11,-0.171,-78.598
385052,Walvis Ridge at 33°S,2001,11,-32.958,-5.22
300130,Karymsky,2001,11,54.049,159.443
342110,Pacaya,2001,16,14.382,-90.601
300100,Avachinsky,2001,16,53.256,158.836
390081,Montagu Island,2001,16,-58.445,-26.374
243091,Unnamed,2001,9,-18.325,-174.365
261160,Talang,2001,9,-0.979,100.681
284120,Ioto,2001,9,24.751,141.289
252120,Ulawun,2001,8,-5.05,151.33
300250,Bezymianny,2001,7,55.972,160.595
262000,Krakatau,2001,7,-6.1009,105.4233
251020,Manam,2001,6,-4.08,145.037
257050,Lopevi,2001,6,-16.507,168.346
268030,Ibu,2001,5,1.488,127.63
261170,Kerinci,2001,5,-1.697,101.264
344020,San Cristobal,2001,5,12.702,-87.004
234011,McDonald Islands,2001,5,-53.03,72.6
284141,Ahyi,2001,4,20.42,145.03
344100,Masaya,2001,4,11.9844,-86.1688
261140,Marapi,2001,4,-0.38,100.474
233020,"Fournaise, Piton de la",2001,3,-21.244,55.708
241040,Whakaari/White Island,2001,2,-37.52,177.18
223020,Nyamulagira,2001,2,-1.408,29.2
311240,Cleveland,2001,2,52.825,-169.944
344040,Telica,2001,1,12.606,-86.84
252120,Ulawun,2001,1,-5.05,151.33
284040,Miyakejima,2001,1,34.094,139.526
264090,Inielika,2001,1,-8.73,120.98
273030,Mayon,2001,1,13.257,123.685
261030,Peuet Sague,2000,12,4.903,96.289
282030,Suwanosejima,2000,12,29.638,129.714
263310,Tengger Caldera,2000,11,-7.942,112.95
282060,Kikai,2000,16,30.793,130.305
252120,Ulawun,2000,9,-5.05,151.33
285020,Hokkaido-Komagatake,2000,9,42.063,140.677
261220,Kaba,2000,8,-3.522,102.615
342110,Pacaya,2000,8,14.382,-90.601
300260,Klyuchevskoy,2000,7,56.056,160.642
355100,Lascar,2000,7,-23.37,-67.73
300250,Bezymianny,2000,7,55.972,160.595
273030,Mayon,2000,7,13.257,123.685
263340,Raung,2000,7,-8.119,114.056
357090,Copahue,2000,7,-37.856,-71.183
300060,Mutnovsky,2000,6,52.449,158.196
284040,Miyakejima,2000,6,34.094,139.526
233020,"Fournaise, Piton de la",2000,6,-21.244,55.708
251020,Manam,2000,6,-4.08,145.037
262000,Krakatau,2000,5,-6.1009,105.4233
224010,Cameroon,2000,5,4.203,9.17
390090,Saunders,2000,5,-57.8,-26.483
266030,Soputan,2000,5,1.112,124.737
266100,Lokon-Empung,2000,5,1.3644,124.7992
354006,Sabancaya,2000,4,-15.787,-71.857
285030,Toya,2000,3,42.544,140.839
351080,Galeras,2000,3,1.22,-77.37
300060,Mutnovsky,2000,3,52.449,158.196
300250,Bezymianny,2000,3,55.972,160.595
261140,Marapi,2000,3,-0.38,100.474
234010,Heard,2000,3,-53.106,73.513
241040,Whakaari/White Island,2000,3,-37.52,177.18
256010,Tinakula,2000,2,-10.386,165.804
255020,Bagana,2000,2,-6.137,155.196
372070,Hekla,2000,2,63.983,-19.666
282030,Suwanosejima,2000,2,29.638,129.714
233020,"Fournaise, Piton de la",2000,2,-21.244,55.708
300260,Klyuchevskoy,2000,2,56.056,160.642
223020,Nyamulagira,2000,1,-1.408,29.2
282060,Kikai,2000,1,30.793,130.305
344120,Concepcion,1999,12,11.538,-85.622
344100,Masaya,1999,11,11.9844,-86.1688
255060,Kavachi,1999,11,-8.991,157.979
252120,Ulawun,1999,16,-5.05,151.33
290100,Moyorodake [Medvezhia],1999,16,45.389,148.838
352080,Tungurahua,1999,16,-1.467,-78.442
284120,Ioto,1999,9,24.751,141.289
300270,Sheveluch,1999,8,56.653,161.36
344070,"Negro, Cerro",1999,8,12.506,-86.702
263340,Raung,1999,7,-8.119,114.056
233020,"Fournaise, Piton de la",1999,7,-21.244,55.708
263350,Ijen,1999,6,-8.058,114.242
273030,Mayon,1999,6,13.257,123.685
282030,Suwanosejima,1999,6,29.638,129.714
242050,Monowai,1999,6,-25.887,-177.188
264250,Iliwerung,1999,5,-8.532,123.573
344040,Telica,1999,5,12.606,-86.84
342090,Fuego,1999,5,14.4748,-90.8806
256010,Tinakula,1999,5,-10.386,165.804
263180,Slamet,1999,5,-7.242,109.208
344020,San Cristobal,1999,5,12.702,-87.004
261140,Marapi,1999,4,-0.38,100.474
377020,East Gakkel Ridge at 85°E,1999,4,85.608,85.25
300270,Sheveluch,1999,4,56.653,161.36
264180,Lewotobi,1999,3,-8.542,122.775
224010,Cameroon,1999,3,4.203,9.17
261170,Kerinci,1999,3,-1.697,101.264
267020,Karangetang,1999,3,2.781,125.407
264010,Batur,1999,3,-8.2403,115.3775
311360,Shishaldin,1999,3,54.756,-163.97
261030,Peuet Sague,1999,3,4.903,96.289
300250,Bezymianny,1999,2,55.972,160.595
255060,Kavachi,1999,2,-8.991,157.979
262000,Krakatau,1999,2,-6.1009,105.4233
300260,Klyuchevskoy,1999,2,56.056,160.642
257060,East Epi,1999,2,-16.6797,168.3893
390090,Saunders,1999,1,-57.8,-26.483
243030,Unnamed,1999,1,-20.852,-175.55
282030,Suwanosejima,1999,1,29.638,129.714
268030,Ibu,1998,12,1.488,127.63
373010,Grimsvotn,1998,12,64.416,-17.316
382050,Terceira,1998,11,38.73,-27.32
357040,Planchon-Peteroa,1998,11,-35.223,-70.568
357110,Llaima,1998,11,-38.692,-71.729
285070,Akan,1998,11,43.384,144.013
311360,Shishaldin,1998,11,54.756,-163.97
261170,Kerinci,1998,11,-1.697,101.264
285020,Hokkaido-Komagatake,1998,16,42.063,140.677
223020,Nyamulagira,1998,16,-1.408,29.2
353060,"Azul, Cerro",1998,9,-0.92,-91.408
344100,Masaya,1998,9,11.9844,-86.1688
241040,Whakaari/White Island,1998,8,-37.52,177.18
312110,Chiginagak,1998,8,57.135,-156.99
352020,Guagua Pichincha,1998,8,-0.171,-78.598
300260,Klyuchevskoy,1998,7,56.056,160.642
257050,Lopevi,1998,7,-16.507,168.346
267020,Karangetang,1998,7,2.781,125.407
261170,Kerinci,1998,7,-1.697,101.264
264010,Batur,1998,7,-8.2403,115.3775
300250,Bezymianny,1998,6,55.972,160.595
300270,Sheveluch,1998,5,56.653,161.36
311160,Atka Volcanic Complex,1998,5,52.331,-174.139
282060,Kikai,1998,4,30.793,130.305
261030,Peuet Sague,1998,4,4.903,96.289
357110,Llaima,1998,4,-38.692,-71.729
283090,Niigata-Yakeyama,1998,3,36.921,138.036
241040,Whakaari/White Island,1998,3,-37.52,177.18
233020,"Fournaise, Piton de la",1998,3,-21.244,55.708
357120,Villarrica,1998,2,-39.42,-71.93
345020,Rincon de la Vieja,1998,2,10.83,-85.324
331021,Axial Seamount,1998,1,45.95,-130
343100,San Miguel,1997,12,13.434,-88.269
242050,Monowai,1997,12,-25.887,-177.188
300250,Bezymianny,1997,12,55.972,160.595
341040,Colima,1997,11,19.514,-103.62
283090,Niigata-Yakeyama,1997,16,36.921,138.036
241100,Ruapehu,1997,16,-39.28,175.57
300260,Klyuchevskoy,1997,9,56.056,160.642
283260,Akita-Yakeyama,1997,8,39.964,140.757
360101,"Watt, Morne",1997,7,15.307,-61.305
282060,Kikai,1997,7,30.793,130.305
264050,Sangeang Api,1997,7,-8.2,119.07
344100,Masaya,1997,6,11.9844,-86.1688
311360,Shishaldin,1997,6,54.756,-163.97
344020,San Cristobal,1997,5,12.702,-87.004
283260,Akita-Yakeyama,1997,5,39.964,140.757
300250,Bezymianny,1997,5,55.972,160.595
311240,Cleveland,1997,5,52.825,-169.944
242050,Monowai,1997,4,-25.887,-177.188
263340,Raung,1997,4,-8.119,114.056
262000,Krakatau,1997,3,-6.1009,105.4233
352020,Guagua Pichincha,1997,3,-0.171,-78.598
357110,Llaima,1997,3,-38.692,-71.729
300270,Sheveluch,1997,3,56.653,161.36
311290,Okmok,1997,2,53.43,-168.13
255060,Kavachi,1997,1,-8.991,157.979
263200,Dieng Volcanic Complex,1996,12,-7.2,109.879
282030,Suwanosejima,1996,12,29.638,129.714
234011,McDonald Islands,1996,12,-53.03,72.6
344100,Masaya,1996,12,11.9844,-86.1688
290390,Alaid,1996,12,50.861,155.565
223020,Nyamulagira,1996,12,-1.408,29.2
285070,Akan,1996,11,43.384,144.013
300260,Klyuchevskoy,1996,11,56.056,160.642
355100,Lascar,1996,16,-23.37,-67.73
267020,Karangetang,1996,16,2.781,125.407
373010,Grimsvotn,1996,9,64.416,-17.316
242050,Monowai,1996,9,-25.887,-177.188
311190,Amukta,1996,9,52.5,-171.252
357120,Villarrica,1996,9,-39.42,-71.93
312030,Pavlof,1996,9,55.417,-161.894
283170,Adatarayama,1996,9,37.647,140.281
261170,Kerinci,1996,8,-1.697,101.264
272020,Kanlaon,1996,8,10.4096,123.13
300250,Bezymianny,1996,7,55.972,160.595
262000,Krakatau,1996,7,-6.1009,105.4233
268060,Gamalama,1996,7,0.81,127.3322
334070,Galapagos Rift,1996,7,0.792,-86.15
284170,Pagan,1996,7,18.13,145.8
241100,Ruapehu,1996,6,-39.28,175.57
257040,Ambrym,1996,6,-16.25,168.12
345040,Poas,1996,4,10.2,-84.233
341090,Popocatepetl,1996,3,19.023,-98.622
285020,Hokkaido-Komagatake,1996,3,42.063,140.677
331031,North Gorda Ridge Segment,1996,2,42.67,-126.78
332000,Kama'ehuakanaloa,1996,2,18.92,-155.27
258001,Gemini-Oscostar,1996,2,-20.957,170.13
282100,Unzendake,1996,2,32.761,130.299
357120,Villarrica,1996,1,-39.42,-71.93
300125,Akademia Nauk,1996,1,53.98,159.45
300130,Karymsky,1996,1,54.049,159.443
311360,Shishaldin,1995,12,54.756,-163.97
234000,Boomerang Seamount,1995,12,-37.7216,77.8221
252140,Rabaul,1995,11,-4.2459,152.1937
242050,Monowai,1995,11,-25.887,-177.188
312070,Veniaminof,1995,11,56.17,-159.38
267020,Karangetang,1995,11,2.781,125.407
345020,Rincon de la Vieja,1995,11,10.83,-85.324
357110,Llaima,1995,16,-38.692,-71.729
282120,Kujusan,1995,16,33.086,131.249
284202,Ruby,1995,16,15.605,145.572
300250,Bezymianny,1995,9,55.972,160.595
357090,Copahue,1995,9,-37.856,-71.183
263310,Tengger Caldera,1995,9,-7.942,112.95
355040,Irruputuncu,1995,9,-20.73,-68.55
360050,Soufriere Hills,1995,7,16.72,-62.18
256010,Tinakula,1995,7,-10.386,165.804
241040,Whakaari/White Island,1995,6,-37.52,177.18
311110,Kanaga,1995,6,51.923,-177.168
243070,Lateiki,1995,6,-19.18,-174.87
344070,"Negro, Cerro",1995,5,12.506,-86.702
312070,Veniaminof,1995,4,56.17,-159.38
390090,Saunders,1995,4,-57.8,-26.483
357120,Villarrica,1995,4,-39.42,-71.93
384010,Fogo,1995,4,14.95,-24.35
263340,Raung,1995,3,-8.119,114.056
263310,Tengger Caldera,1995,3,-7.942,112.95
257030,Ambae,1995,3,-15.389,167.835
283070,Yakedake,1995,2,36.227,137.587
311310,Makushin,1995,1,53.891,-166.923
353010,Fernandina,1995,1,-0.37,-91.55
343100,San Miguel,1995,1,13.434,-88.269
241100,Ruapehu,1995,1,-39.28,175.57
244000,Vailulu'u,1995,1,-14.215,-169.058
341090,Popocatepetl,1994,12,19.023,-98.622
260010,Barren Island,1994,12,12.278,93.858
257040,Ambrym,1994,12,-16.25,168.12
357090,Copahue,1994,12,-37.856,-71.183
273010,Bulusan,1994,11,12.769,124.056
355100,Lascar,1994,11,-23.37,-67.73
311240,Cleveland,1994,16,52.825,-169.944
261230,Dempo,1994,16,-4.016,103.121
357120,Villarrica,1994,9,-39.42,-71.93
252140,Rabaul,1994,9,-4.2459,152.1937
222120,"Lengai, Ol Doinyo",1994,9,-2.764,35.914
300260,Klyuchevskoy,1994,9,56.056,160.642
284120,Ioto,1994,8,24.751,141.289
264010,Batur,1994,8,-8.2403,115.3775
344040,Telica,1994,7,12.606,-86.84
341040,Colima,1994,7,19.514,-103.62
355100,Lascar,1994,7,-23.37,-67.73
263340,Raung,1994,7,-8.119,114.056
300250,Bezymianny,1994,7,55.972,160.595
223020,Nyamulagira,1994,7,-1.408,29.2
223030,Nyiragongo,1994,6,-1.52,29.25
211060,Etna,1994,6,37.748,14.999
264030,Rinjani,1994,6,-8.42,116.47
311240,Cleveland,1994,5,52.825,-169.944
357110,Llaima,1994,5,-38.692,-71.729
282110,Asosan,1994,5,32.8849,131.085
284141,Ahyi,1994,4,20.42,145.03
252120,Ulawun,1994,4,-5.05,151.33
262000,Krakatau,1994,3,-6.1009,105.4233
345040,Poas,1994,3,10.2,-84.233
263350,Ijen,1994,2,-8.058,114.242
268060,Gamalama,1994,1,0.81,127.3322
311110,Kanaga,1994,1,51.923,-177.168
355100,Lascar,1993,12,-23.37,-67.73
353040,Alcedo,1993,12,-0.43,-91.12
251050,Long Island,1993,11,-5.358,147.12
300250,Bezymianny,1993,16,55.972,160.595
264250,Iliwerung,1993,9,-8.532,123.573
311360,Shishaldin,1993,9,54.756,-163.97
272020,Kanlaon,1993,8,10.4096,123.13
311310,Makushin,1993,8,53.891,-166.923
211060,Etna,1993,8,37.748,14.999
312070,Veniaminof,1993,7,56.17,-159.38
263350,Ijen,1993,7,-8.058,114.242
331020,CoAxial Segment,1993,6,46.52,-129.58
264220,Iliboleng,1993,6,-8.342,123.258
344100,Masaya,1993,6,11.9844,-86.1688
311180,Seguam,1993,5,52.315,-172.51
268060,Gamalama,1993,5,0.81,127.3322
263340,Raung,1993,4,-8.119,114.056
352020,Guagua Pichincha,1993,3,-0.171,-78.598
273083,Pinatubo,1993,2,15.13,120.35
273030,Mayon,1993,2,13.257,123.685
355100,Lascar,1993,1,-23.37,-67.73
341021,Socorro,1993,1,18.78,-110.95
263200,Dieng Volcanic Complex,1993,1,-7.2,109.879
284170,Pagan,1993,1,18.13,145.8
351080,Galeras,1993,1,1.22,-77.37
252120,Ulawun,1993,1,-5.05,151.33
234010,Heard,1993,1,-53.106,73.513
311180,Seguam,1992,12,52.315,-172.51
311320,Akutan,1992,12,54.134,-165.986
234011,McDonald Islands,1992,12,-53.03,72.6
284130,Fukutoku-Oka-no-Ba,1992,11,24.285,141.481
262000,Krakatau,1992,11,-6.1009,105.4233
345040,Poas,1992,16,10.2,-84.233
300260,Klyuchevskoy,1992,9,56.056,160.642
357120,Villarrica,1992,9,-39.42,-71.93
233020,"Fournaise, Piton de la",1992,8,-21.244,55.708
357110,Llaima,1992,8,-38.692,-71.729
357090,Copahue,1992,7,-37.856,-71.183
273083,Pinatubo,1992,7,15.13,120.35
311300,Bogoslof,1992,7,53.93,-168.03
313040,Spurr,1992,6,61.299,-152.251
272020,Kanlaon,1992,6,10.4096,123.13
234010,Heard,1992,5,-53.106,73.513
282110,Asosan,1992,4,32.8849,131.085
284170,Pagan,1992,4,18.13,145.8
344070,"Negro, Cerro",1992,4,12.506,-86.702
267040,Awu,1992,4,3.689,125.447
300250,Bezymianny,1992,3,55.972,160.595
311320,Akutan,1992,3,54.134,-165.986
345040,Poas,1992,2,10.2,-84.233
241100,Ruapehu,1992,2,-39.28,175.57
300260,Klyuchevskoy,1992,1,56.056,160.642
263250,Merapi,1992,1,-7.54,110.446
272020,Kanlaon,1992,1,10.4096,123.13
282090,Kirishimayama,1991,12,31.934,130.862
334050,Northern EPR at 9.8°N,1991,12,9.83,-104.3
311340,Westdahl,1991,11,54.516,-164.65
264220,Iliboleng,1991,11,-8.342,123.258
355100,Lascar,1991,16,-23.37,-67.73
353080,Marchena,1991,9,0.33,-90.47
223020,Nyamulagira,1991,9,-1.408,29.2
311320,Akutan,1991,9,54.134,-165.986
263340,Raung,1991,9,-8.119,114.056
357120,Villarrica,1991,8,-39.42,-71.93
358057,"Hudson, Cerro",1991,8,-45.9,-72.97
233020,"Fournaise, Piton de la",1991,7,-21.244,55.708
233010,Karthala,1991,7,-11.75,43.38
241100,Ruapehu,1991,7,-39.28,175.57
261030,Peuet Sague,1991,7,4.903,96.289
267020,Karangetang,1991,7,2.781,125.407
243070,Lateiki,1991,6,-19.18,-174.87
266030,Soputan,1991,5,1.112,124.737
266100,Lokon-Empung,1991,5,1.3644,124.7992
283040,Ontakesan,1991,5,35.893,137.48
264180,Lewotobi,1991,5,-8.542,122.775
264220,Iliboleng,1991,5,-8.342,123.258
345020,Rincon de la Vieja,1991,5,10.83,-85.324
255060,Kavachi,1991,5,-8.991,157.979
353010,Fernandina,1991,4,-0.37,-91.55
300260,Klyuchevskoy,1991,4,56.056,160.642
273083,Pinatubo,1991,4,15.13,120.35
260010,Barren Island,1991,4,12.278,93.858
264071,Ranakah,1991,3,-8.637,120.5302
345040,Poas,1991,3,10.2,-84.233
341040,Colima,1991,3,19.514,-103.62
272020,Kanlaon,1991,2,10.4096,123.13
357040,Planchon-Peteroa,1991,2,-35.223,-70.568
334050,Northern EPR at 9.8°N,1991,1,9.83,-104.3
372070,Hekla,1991,1,63.983,-19.666
290380,Ebeko,1991,1,50.686,156.014
300100,Avachinsky,1991,1,53.256,158.836
261170,Kerinci,1990,12,-1.697,101.264
355100,Lascar,1990,11,-23.37,-67.73
282100,Unzendake,1990,11,32.761,130.299
321050,St. Helens,1990,11,46.2,-122.18
284010,Izu-Oshima,1990,16,34.724,139.394
257040,Ambrym,1990,9,-16.25,168.12
311320,Akutan,1990,9,54.134,-165.986
283110,Asamayama,1990,7,36.406,138.523
334120,Southern EPR at 17.5°S (Segment K),1990,7,-17.436,-113.206
357150,Puyehue-Cordon Caulle,1990,7,-40.59,-72.117
241100,Ruapehu,1990,6,-39.28,175.57
311020,Kiska,1990,6,52.103,177.602
242050,Monowai,1990,5,-25.887,-177.188
354006,Sabancaya,1990,5,-15.787,-71.857
268060,Gamalama,1990,4,0.81,127.3322
352020,Guagua Pichincha,1990,4,-0.171,-78.598
282030,Suwanosejima,1990,4,29.638,129.714
360160,Kick 'em Jenny,1990,3,12.3,-61.64
312030,Pavlof,1990,3,55.417,-161.894
357110,Llaima,1990,2,-38.692,-71.729
263280,Kelud,1990,2,-7.935,112.314
300250,Bezymianny,1990,1,55.972,160.595
264180,Lewotobi,1990,1,-8.542,122.775
311320,Akutan,1990,1,54.134,-165.986
233020,"Fournaise, Piton de la",1990,1,-21.244,55.708
263340,Raung,1990,1,-8.119,114.056
300270,Sheveluch,1990,1,56.653,161.36
241100,Ruapehu,1990,1,-39.28,175.57
351080,Galeras,1990,1,1.22,-77.37
342110,Pacaya,1990,1,14.382,-90.601
313030,Redoubt,1989,12,60.485,-152.742
321050,St. Helens,1989,12,46.2,-122.18
272020,Kanlaon,1989,16,10.4096,123.13
284141,Ahyi,1989,9,20.42,145.03
311070,Gareloi,1989,8,51.79,-178.794
256010,Tinakula,1989,8,-10.386,165.804
300250,Bezymianny,1989,8,55.972,160.595
267020,Karangetang,1989,7,2.781,125.407
283010,Izu-Tobu,1989,7,34.9,139.098
241100,Ruapehu,1989,7,-39.28,175.57
224010,Cameroon,1989,5,4.203,9.17
290070,Etorofu-Yakeyama [Grozny Group],1989,5,45.012,147.871
223020,Nyamulagira,1989,4,-1.408,29.2
257040,Ambrym,1989,4,-16.25,168.12
266030,Soputan,1989,4,1.112,124.737
283090,Niigata-Yakeyama,1989,4,36.921,138.036
300270,Sheveluch,1989,4,56.653,161.36
282110,Asosan,1989,4,32.8849,131.085
311320,Akutan,1989,2,54.134,-165.986
344100,Masaya,1989,2,11.9844,-86.1688
351080,Galeras,1989,2,1.22,-77.37
290380,Ebeko,1989,2,50.686,156.014
390090,Saunders,1989,1,-57.8,-26.483
290240,Sarychev Peak,1989,1,48.092,153.2
252120,Ulawun,1989,1,-5.05,151.33
360160,Kick 'em Jenny,1988,12,12.3,-61.64
357100,Lonquimay,1988,12,-38.379,-71.586
285050,Tokachidake,1988,12,43.418,142.686
241100,Ruapehu,1988,12,-39.28,175.57
300270,Sheveluch,1988,12,56.653,161.36
353010,Fernandina,1988,9,-0.37,-91.55
242050,Monowai,1988,9,-25.887,-177.188
284170,Pagan,1988,8,18.13,145.8
268070,Kie Besi,1988,7,0.32,127.4
263180,Slamet,1988,7,-7.242,109.208
334050,Northern EPR at 9.8°N,1988,7,9.83,-104.3
354006,Sabancaya,1988,6,-15.787,-71.857
272020,Kanlaon,1988,6,10.4096,123.13
344120,Concepcion,1988,6,11.538,-85.622
243040,Hunga Tonga-Hunga Ha'apai,1988,6,-20.5532,-175.3841
282110,Asosan,1988,5,32.8849,131.085
265090,Banda Api,1988,5,-4.523,129.881
266100,Lokon-Empung,1988,4,1.3644,124.7992
311320,Akutan,1988,3,54.134,-165.986
241100,Ruapehu,1988,3,-39.28,175.57
273010,Bulusan,1988,2,12.769,124.056
262000,Krakatau,1988,2,-6.1009,105.4233
257040,Ambrym,1988,2,-16.25,168.12
268060,Gamalama,1988,2,0.81,127.3322
282060,Kikai,1988,1,30.793,130.305
282030,Suwanosejima,1988,1,29.638,129.714
285070,Akan,1988,1,43.384,144.013
223020,Nyamulagira,1987,12,-1.408,29.2
264071,Ranakah,1987,12,-8.637,120.5302
357010,Tupungatito,1987,11,-33.425,-69.797
355100,Lascar,1987,11,-23.37,-67.73
344040,Telica,1987,11,12.606,-86.84
284010,Izu-Oshima,1987,11,34.724,139.394
233020,"Fournaise, Piton de la",1987,11,-21.244,55.708
290380,Ebeko,1987,16,50.686,156.014
264220,Iliboleng,1987,16,-8.342,123.258
284170,Pagan,1987,9,18.13,145.8
311190,Amukta,1987,9,52.5,-171.252
311070,Gareloi,1987,8,51.79,-178.794
241100,Ruapehu,1987,8,-39.28,175.57
284130,Fukutoku-Oka-no-Ba,1987,7,24.285,141.481
341040,Colima,1987,7,19.514,-103.62
311240,Cleveland,1987,6,52.825,-169.944
345040,Poas,1987,6,10.2,-84.233
233020,"Fournaise, Piton de la",1987,6,-21.244,55.708
333060,Macdonald,1987,6,-28.98,-140.25
263340,Raung,1987,5,-8.119,114.056
283090,Niigata-Yakeyama,1987,4,36.921,138.036
311060,Semisopochnoi,1987,4,51.93,179.58
268040,Gamkonora,1987,4,1.38,127.53
345020,Rincon de la Vieja,1987,4,10.83,-85.324
272020,Kanlaon,1987,3,10.4096,123.13
312070,Veniaminof,1987,3,56.17,-159.38
311160,Atka Volcanic Complex,1987,3,52.331,-174.139
311310,Makushin,1987,3,53.891,-166.923
344100,Masaya,1987,2,11.9844,-86.1688
311320,Akutan,1987,1,54.134,-165.986
261140,Marapi,1987,1,-0.38,100.474
342090,Fuego,1987,1,14.4748,-90.8806
345020,Rincon de la Vieja,1986,12,10.83,-85.324
354006,Sabancaya,1986,12,-15.787,-71.857
300250,Bezymianny,1986,12,55.972,160.595
300260,Klyuchevskoy,1986,11,56.056,160.642
290360,Chikurachki,1986,11,50.324,155.461
311290,Okmok,1986,11,53.43,-168.13
284010,Izu-Oshima,1986,11,34.724,139.394
257040,Ambrym,1986,11,-16.25,168.12
233020,"Fournaise, Piton de la",1986,11,-21.244,55.708
290260,Chirinkotan,1986,16,48.98,153.48
263250,Merapi,1986,16,-7.54,110.446
355100,Lascar,1986,9,-23.37,-67.73
290240,Sarychev Peak,1986,9,48.092,153.2
331030,Cleft Segment,1986,8,44.83,-130.3
263200,Dieng Volcanic Complex,1986,8,-7.2,109.879
223020,Nyamulagira,1986,7,-1.408,29.2
233020,"Fournaise, Piton de la",1986,7,-21.244,55.708
261120,Sorikmarapi,1986,7,0.686,99.539
255060,Kavachi,1986,7,-8.991,157.979
261030,Peuet Sague,1986,7,4.903,96.289
331020,CoAxial Segment,1986,7,46.52,-129.58
242050,Monowai,1986,6,-25.887,-177.188
241130,Rumble III,1986,6,-35.745,178.478
300260,Klyuchevskoy,1986,6,56.056,160.642
272020,Kanlaon,1986,6,10.4096,123.13
264220,Iliboleng,1986,5,-8.342,123.258
290390,Alaid,1986,5,50.861,155.565
333060,Macdonald,1986,5,-28.98,-140.25
311240,Cleveland,1986,4,52.825,-169.944
312030,Pavlof,1986,4,55.417,-161.894
300270,Sheveluch,1986,3,56.653,161.36
313010,Augustine,1986,3,59.3626,-153.435
300250,Bezymianny,1986,3,55.972,160.595
266100,Lokon-Empung,1986,3,1.3644,124.7992
311360,Shishaldin,1986,3,54.756,-163.97
311320,Akutan,1986,3,54.134,-165.986
341130,Tacana,1986,2,15.132,-92.109
241100,Ruapehu,1986,2,-39.28,175.57
241040,Whakaari/White Island,1986,2,-37.52,177.18
357010,Tupungatito,1986,1,-33.425,-69.797
284130,Fukutoku-Oka-no-Ba,1986,1,24.285,141.481
255060,Kavachi,1985,12,-8.991,157.979
344120,Concepcion,1985,12,11.538,-85.622
252120,Ulawun,1985,11,-5.05,151.33
343100,San Miguel,1985,11,13.434,-88.269
241100,Ruapehu,1985,11,-39.28,175.57
272020,Kanlaon,1985,16,10.4096,123.13
282030,Suwanosejima,1985,9,29.638,129.714
345020,Rincon de la Vieja,1985,9,10.83,-85.324
351020,"Ruiz, Nevado del",1985,9,4.892,-75.324
263340,Raung,1985,8,-8.119,114.056
300260,Klyuchevskoy,1985,8,56.056,160.642
284141,Ahyi,1985,8,20.42,145.03
264050,Sangeang Api,1985,7,-8.2,119.07
341040,Colima,1985,7,19.514,-103.62
354010,"Misti, El",1985,7,-16.294,-71.409
285050,Tokachidake,1985,6,43.418,142.686
233020,"Fournaise, Piton de la",1985,6,-21.244,55.708
300250,Bezymianny,1985,6,55.972,160.595
300270,Sheveluch,1985,5,56.653,161.36
241100,Ruapehu,1985,5,-39.28,175.57
266030,Soputan,1985,5,1.112,124.737
352020,Guagua Pichincha,1985,5,-0.171,-78.598
272020,Kanlaon,1985,3,10.4096,123.13
264150,Paluweh,1985,2,-8.32,121.708
234010,Heard,1985,1,-53.106,73.513
333010,Teahitia,1985,1,-17.564,-148.821
376010,Jan Mayen,1985,1,71.082,-8.155
252120,Ulawun,1984,12,-5.05,151.33
351020,"Ruiz, Nevado del",1984,12,4.892,-75.324
344120,Concepcion,1984,12,11.538,-85.622
355100,Lascar,1984,12,-23.37,-67.73
312070,Veniaminof,1984,11,56.17,-159.38
261140,Marapi,1984,11,-0.38,100.474
241100,Ruapehu,1984,16,-39.28,175.57
282030,Suwanosejima,1984,16,29.638,129.714
273030,Mayon,1984,9,13.257,123.685
373080,Krafla,1984,9,65.715,-16.728
252120,Ulawun,1984,8,-5.05,151.33
357120,Villarrica,1984,8,-39.42,-71.93
300070,Gorely,1984,8,52.5549,158.0358
311240,Cleveland,1984,7,52.825,-169.944
257040,Ambrym,1984,7,-16.25,168.12
256010,Tinakula,1984,6,-10.386,165.804
266030,Soputan,1984,5,1.112,124.737
263310,Tengger Caldera,1984,5,-7.942,112.95
264150,Paluweh,1984,5,-8.32,121.708
285070,Akan,1984,5,43.384,144.013
357110,Llaima,1984,4,-38.692,-71.729
282110,Asosan,1984,4,32.8849,131.085
241100,Ruapehu,1984,4,-39.28,175.57
345020,Rincon de la Vieja,1984,3,10.83,-85.324
353010,Fernandina,1984,3,-0.37,-91.55
332020,Mauna Loa,1984,3,19.475,-155.608
300270,Sheveluch,1984,3,56.653,161.36
300260,Klyuchevskoy,1984,3,56.056,160.642
284100,Kaitoku Seamount,1984,3,26.1217,141.0955
243080,Home Reef,1984,3,-18.992,-174.775
223020,Nyamulagira,1984,2,-1.408,29.2
300250,Bezymianny,1984,2,55.972,160.595
263140,Galunggung,1984,1,-7.25,108.058
241040,Whakaari/White Island,1983,12,-37.52,177.18
263310,Tengger Caldera,1983,12,-7.942,112.95
333010,Teahitia,1983,12,-17.564,-148.821
233020,"Fournaise, Piton de la",1983,12,-21.244,55.708
312030,Pavlof,1983,11,55.417,-161.894
252120,Ulawun,1983,11,-5.05,151.33
333060,Macdonald,1983,16,-28.98,-140.25
357120,Villarrica,1983,16,-39.42,-71.93
284040,Miyakejima,1983,16,34.094,139.526
263090,Tangkuban Parahu,1983,9,-6.77,107.6
264250,Iliwerung,1983,8,-8.532,123.573
268060,Gamalama,1983,8,0.81,127.3322
283120,Kusatsu-Shiranesan,1983,7,36.618,138.528
266010,Colo,1983,7,-0.162,121.601
282110,Asosan,1983,7,32.8849,131.085
333010,Teahitia,1983,7,-17.564,-148.821
312030,Pavlof,1983,7,55.417,-161.894
311290,Okmok,1983,7,53.43,-168.13
261140,Marapi,1983,7,-0.38,100.474
257040,Ambrym,1983,7,-16.25,168.12
273010,Bulusan,1983,6,12.769,124.056
312070,Veniaminof,1983,6,56.17,-159.38
373010,Grimsvotn,1983,5,64.416,-17.316
267020,Karangetang,1983,5,2.781,125.407
264220,Iliboleng,1983,5,-8.342,123.258
283090,Niigata-Yakeyama,1983,4,36.921,138.036
283110,Asamayama,1983,4,36.406,138.523
344120,Concepcion,1983,3,11.538,-85.622
333060,Macdonald,1983,3,-28.98,-140.25
345020,Rincon de la Vieja,1983,2,10.83,-85.324
332010,Kilauea,1983,1,19.421,-155.287
222120,"Lengai, Ol Doinyo",1983,1,-2.764,35.914
261140,Marapi,1982,12,-0.38,100.474
284120,Ioto,1982,11,24.751,141.289
290150,Chirpoi,1982,11,46.532,150.871
264220,Iliboleng,1982,11,-8.342,123.258
283120,Kusatsu-Shiranesan,1982,16,36.618,138.528
257050,Lopevi,1982,16,-16.507,168.346
224010,Cameroon,1982,16,4.203,9.17
300260,Klyuchevskoy,1982,16,56.056,160.642
311320,Akutan,1982,16,54.134,-165.986
283110,Asamayama,1982,16,36.406,138.523
332010,Kilauea,1982,9,19.421,-155.287
353020,Wolf,1982,8,0.02,-91.35
266030,Soputan,1982,8,1.112,124.737
263340,Raung,1982,7,-8.119,114.056
331030,Cleft Segment,1982,7,44.83,-130.3
267020,Karangetang,1982,7,2.781,125.407
223030,Nyiragongo,1982,6,-1.52,29.25
242050,Monowai,1982,5,-25.887,-177.188
332010,Kilauea,1982,4,19.421,-155.287
283110,Asamayama,1982,4,36.406,138.523
257020,Gaua,1982,4,-14.281,167.514
255060,Kavachi,1982,4,-8.991,157.979
263140,Galunggung,1982,4,-7.25,108.058
290390,Alaid,1982,3,50.861,155.565
341120,"Chichon, El",1982,3,17.3602,-93.2297
300260,Klyuchevskoy,1982,3,56.056,160.642
333010,Teahitia,1982,3,-17.564,-148.821
261140,Marapi,1982,3,-0.38,100.474
284120,Ioto,1982,3,24.751,141.289
333060,Macdonald,1982,3,-28.98,-140.25
311070,Gareloi,1982,1,51.79,-178.794
344120,Concepcion,1982,1,11.538,-85.622
223020,Nyamulagira,1981,12,-1.408,29.2
290390,Alaid,1981,11,50.861,155.565
344040,Telica,1981,11,12.606,-86.84
373080,Krafla,1981,11,65.715,-16.728
241100,Ruapehu,1981,16,-39.28,175.57
312030,Pavlof,1981,9,55.417,-161.894
352020,Guagua Pichincha,1981,8,-0.171,-78.598
353010,Fernandina,1981,8,-0.37,-91.55
257020,Gaua,1981,7,-14.281,167.514
263200,Dieng Volcanic Complex,1981,7,-7.2,109.879
282110,Asosan,1981,6,32.8849,131.085
300250,Bezymianny,1981,6,55.972,160.595
290030,Chachadake [Tiatia],1981,6,44.353,146.252
241050,Okataina,1981,5,-38.1569,176.5069
284170,Pagan,1981,5,18.13,145.8
290390,Alaid,1981,4,50.861,155.565
262000,Krakatau,1981,4,-6.1009,105.4233
273010,Bulusan,1981,4,12.769,124.056
372070,Hekla,1981,4,63.983,-19.666
312030,Pavlof,1981,3,55.417,-161.894
311290,Okmok,1981,3,53.43,-168.13
345040,Poas,1981,3,10.2,-84.233
268040,Gamkonora,1981,3,1.38,127.53
285040,Shikotsu,1981,2,42.688,141.38
257040,Ambrym,1981,2,-16.25,168.12
344040,Telica,1981,2,12.606,-86.84
233020,"Fournaise, Piton de la",1981,2,-21.244,55.708
373080,Krafla,1981,1,65.715,-16.728
300260,Klyuchevskoy,1981,1,56.056,160.642
345040,Poas,1980,12,10.2,-84.233
333060,Macdonald,1980,11,-28.98,-140.25
312030,Pavlof,1980,11,55.417,-161.894
264150,Paluweh,1980,11,-8.32,121.708
241100,Ruapehu,1980,16,-39.28,175.57
357091,Callaqui,1980,16,-37.92,-71.45
255060,Kavachi,1980,16,-8.991,157.979
252120,Ulawun,1980,16,-5.05,151.33
282050,Kuchinoerabujima,1980,9,30.443,130.217
282110,Asosan,1980,9,32.8849,131.085
234070,Marion Island,1980,9,-46.9,37.75
345040,Poas,1980,9,10.2,-84.233
268060,Gamalama,1980,9,0.81,127.3322
300270,Sheveluch,1980,8,56.653,161.36
300250,Bezymianny,1980,8,55.972,160.595
372070,Hekla,1980,8,63.983,-19.666
272020,Kanlaon,1980,8,10.4096,123.13
311070,Gareloi,1980,8,51.79,-178.794
311320,Akutan,1980,7,54.134,-165.986
257020,Gaua,1980,7,-14.281,167.514
357120,Villarrica,1980,6,-39.42,-71.93
300070,Gorely,1980,6,52.5549,158.0358
263310,Tengger Caldera,1980,6,-7.942,112.95
290270,Ekarma,1980,5,48.958,153.93
257040,Ambrym,1980,5,-16.25,168.12
311310,Makushin,1980,5,53.891,-166.923
300250,Bezymianny,1980,4,55.972,160.595
257050,Lopevi,1980,4,-16.507,168.346
261140,Marapi,1980,3,-0.38,100.474
321050,St. Helens,1980,3,46.2,-122.18
267020,Karangetang,1980,3,2.781,125.407
373080,Krafla,1980,3,65.715,-16.728
262000,Krakatau,1980,3,-6.1009,105.4233
284120,Ioto,1980,3,24.751,141.289
332010,Kilauea,1980,3,19.421,-155.287
333060,Macdonald,1980,2,-28.98,-140.25
223020,Nyamulagira,1980,1,-1.408,29.2
242050,Monowai,1980,1,-25.887,-177.188
241100,Ruapehu,1980,1,-39.28,175.57
357010,Tupungatito,1980,1,-33.425,-69.797
273010,Bulusan,1979,12,12.769,124.056
332010,Kilauea,1979,11,19.421,-155.287
353050,"Negra, Sierra",1979,11,-0.83,-91.17
283040,Ontakesan,1979,16,35.893,137.48
357110,Llaima,1979,16,-38.692,-71.729
333060,Macdonald,1979,9,-28.98,-140.25
300250,Bezymianny,1979,9,55.972,160.595
345040,Poas,1979,9,10.2,-84.233
262000,Krakatau,1979,7,-6.1009,105.4233
211060,Etna,1979,7,37.748,14.999
261030,Peuet Sague,1979,7,4.903,96.289
257050,Lopevi,1979,7,-16.507,168.346
257060,East Epi,1979,7,-16.6797,168.3893
241100,Ruapehu,1979,6,-39.28,175.57
257040,Ambrym,1979,6,-16.25,168.12
282110,Asosan,1979,6,32.8849,131.085
267020,Karangetang,1979,5,2.781,125.407
233020,"Fournaise, Piton de la",1979,5,-21.244,55.708
243102,Curacoa,1979,5,-15.62,-173.67
243070,Lateiki,1979,5,-19.18,-174.87
290260,Chirinkotan,1979,4,48.98,153.48
357140,Carran-Los Venados,1979,4,-40.35,-72.07
360150,Soufriere St. Vincent,1979,4,13.33,-61.18
358060,Lautaro,1979,3,-49.019,-73.504
263200,Dieng Volcanic Complex,1979,2,-7.2,109.879
242050,Monowai,1979,2,-25.887,-177.188
282090,Kirishimayama,1979,2,31.934,130.862
311360,Shishaldin,1979,2,54.756,-163.97
300250,Bezymianny,1979,2,55.972,160.595
353060,"Azul, Cerro",1979,1,-0.92,-91.408
257040,Ambrym,1979,1,-16.25,168.12
251030,Karkar,1979,1,-4.647,145.976
285040,Shikotsu,1978,12,42.688,141.38
284120,Ioto,1978,12,24.751,141.289
257050,Lopevi,1978,11,-16.507,168.346
221126,Ardoukoba,1978,11,11.58,42.47
311320,Akutan,1978,9,54.134,-165.986
345040,Poas,1978,9,10.2,-84.233
300250,Bezymianny,1978,9,55.972,160.595
353010,Fernandina,1978,8,-0.37,-91.55
273010,Bulusan,1978,7,12.769,124.056
290030,Chachadake [Tiatia],1978,7,44.353,146.252
262000,Krakatau,1978,7,-6.1009,105.4233
272020,Kanlaon,1978,6,10.4096,123.13
255060,Kavachi,1978,6,-8.991,157.979
358060,Lautaro,1978,6,-49.019,-73.504
285040,Shikotsu,1978,5,42.688,141.38
252120,Ulawun,1978,5,-5.05,151.33
344120,Concepcion,1978,3,11.538,-85.622
273030,Mayon,1978,3,13.257,123.685
241050,Okataina,1978,2,-38.1569,176.5069
267020,Karangetang,1978,2,2.781,125.407
242050,Monowai,1978,2,-25.887,-177.188
311360,Shishaldin,1978,2,54.756,-163.97
311340,Westdahl,1978,2,54.516,-164.65
263340,Raung,1978,1,-8.119,114.056
274020,Didicas,1978,1,19.077,122.202
345040,Poas,1977,12,10.2,-84.233
341040,Colima,1977,12,19.514,-103.62
333060,Macdonald,1977,12,-28.98,-140.25
283180,Azumayama,1977,12,37.735,140.244
266110,Mahawu,1977,11,1.352,124.865
360160,Kick 'em Jenny,1977,11,12.3,-61.64
233020,"Fournaise, Piton de la",1977,16,-21.244,55.708
242050,Monowai,1977,16,-25.887,-177.188
344020,San Cristobal,1977,16,12.702,-87.004
273070,Taal,1977,16,14.0106,120.9975
332010,Kilauea,1977,9,19.421,-155.287
342090,Fuego,1977,9,14.4748,-90.8806
257040,Ambrym,1977,8,-16.25,168.12
285030,Toya,1977,8,42.544,140.839
300260,Klyuchevskoy,1977,8,56.056,160.642
255060,Kavachi,1977,7,-8.991,157.979
241100,Ruapehu,1977,7,-39.28,175.57
241080,Tongariro,1977,7,-39.157,175.632
263340,Raung,1977,6,-8.119,114.056
345040,Poas,1977,5,10.2,-84.233
373080,Krafla,1977,4,65.715,-16.728
242050,Monowai,1977,4,-25.887,-177.188
257020,Gaua,1977,4,-14.281,167.514
282110,Asosan,1977,4,32.8849,131.085
233010,Karthala,1977,4,-11.75,43.38
344120,Concepcion,1977,4,11.538,-85.622
312131,Ukinrek Maars,1977,3,57.8344,-156.5203
300250,Bezymianny,1977,3,55.972,160.595
233020,"Fournaise, Piton de la",1977,3,-21.244,55.708
353010,Fernandina,1977,3,-0.37,-91.55
351060,Purace,1977,3,2.3095,-76.3948
311180,Seguam,1977,3,52.315,-172.51
345060,Irazu,1977,3,9.979,-83.852
342090,Fuego,1977,3,14.4748,-90.8806
255060,Kavachi,1977,2,-8.991,157.979
357120,Villarrica,1977,1,-39.42,-71.93
257040,Ambrym,1977,1,-16.25,168.12
360160,Kick 'em Jenny,1977,1,12.3,-61.64
223030,Nyiragongo,1977,1,-1.52,29.25
223020,Nyamulagira,1976,12,-1.408,29.2
241040,Whakaari/White Island,1976,12,-37.52,177.18
343100,San Miguel,1976,12,13.434,-88.269
344040,Telica,1976,11,12.606,-86.84
233020,"Fournaise, Piton de la",1976,11,-21.244,55.708
311320,Akutan,1976,16,54.134,-165.986
290240,Sarychev Peak,1976,9,48.092,153.2
267020,Karangetang,1976,9,2.781,125.407
241100,Ruapehu,1976,9,-39.28,175.57
273070,Taal,1976,9,14.0106,120.9975
344020,San Cristobal,1976,8,12.702,-87.004
255060,Kavachi,1976,8,-8.991,157.979
241080,Tongariro,1976,8,-39.157,175.632
360060,Soufriere Guadeloupe,1976,7,16.044,-61.664
345040,Poas,1976,6,10.2,-84.233
263340,Raung,1976,6,-8.119,114.056
257050,Lopevi,1976,5,-16.507,168.346
282050,Kuchinoerabujima,1976,4,30.443,130.217
300250,Bezymianny,1976,3,55.972,160.595
344020,San Cristobal,1976,3,12.702,-87.004
241100,Ruapehu,1976,3,-39.28,175.57
283120,Kusatsu-Shiranesan,1976,3,36.618,138.528
313010,Augustine,1976,1,59.3626,-153.435
311360,Shishaldin,1976,1,54.756,-163.97
284120,Ioto,1976,1,24.751,141.289
257020,Gaua,1976,1,-14.281,167.514
352010,Reventador,1976,1,-0.077,-77.656
251050,Long Island,1976,1,-5.358,147.12
331021,Axial Seamount,1976,1,45.95,-130
373080,Krafla,1975,12,65.715,-16.728
341040,Colima,1975,12,19.514,-103.62
332010,Kilauea,1975,11,19.421,-155.287
266100,Lokon-Empung,1975,11,1.3644,124.7992
233020,"Fournaise, Piton de la",1975,11,-21.244,55.708
241100,Ruapehu,1975,16,-39.28,175.57
282110,Asosan,1975,16,32.8849,131.085
284090,Izu-Torishima,1975,16,30.484,140.303
311360,Shishaldin,1975,9,54.756,-163.97
312030,Pavlof,1975,9,55.417,-161.894
284131,Minami-Hiyoshi,1975,8,23.5,141.935
255060,Kavachi,1975,8,-8.991,157.979
332020,Mauna Loa,1975,7,19.475,-155.608
390070,Southern Thule,1975,7,-59.442,-27.225
300240,Tolbachik,1975,6,55.832,160.326
342090,Fuego,1975,5,14.4748,-90.8806
344040,Telica,1975,5,12.606,-86.84
241100,Ruapehu,1975,4,-39.28,175.57
262000,Krakatau,1975,3,-6.1009,105.4233
263340,Raung,1975,3,-8.119,114.056
257050,Lopevi,1975,3,-16.507,168.346
241080,Tongariro,1975,2,-39.157,175.632
261140,Marapi,1975,1,-0.38,100.474
332010,Kilauea,1974,12,19.421,-155.287
251030,Karkar,1974,12,-4.647,145.976
284130,Fukutoku-Oka-no-Ba,1974,12,24.285,141.481
255060,Kavachi,1974,11,-8.991,157.979
251070,Ritter Island,1974,16,-5.519,148.115
342090,Fuego,1974,16,14.4748,-90.8806
345040,Poas,1974,9,10.2,-84.233
241040,Whakaari/White Island,1974,9,-37.52,177.18
360160,Kick 'em Jenny,1974,9,12.3,-61.64
312030,Pavlof,1974,9,55.417,-161.894
283090,Niigata-Yakeyama,1974,7,36.921,138.036
312160,Trident,1974,7,58.236,-155.1
351080,Galeras,1974,7,1.22,-77.37
263340,Raung,1974,6,-8.119,114.056
282050,Kuchinoerabujima,1974,6,30.443,130.217
300260,Klyuchevskoy,1974,4,56.056,160.642
312030,Pavlof,1974,3,55.417,-161.894
264010,Batur,1974,3,-8.2403,115.3775
251020,Manam,1974,3,-4.08,145.037
283220,Chokaisan,1974,3,39.099,140.049
284010,Izu-Oshima,1974,2,34.724,139.394
261230,Dempo,1974,2,-4.016,103.121
311120,Great Sitkin,1974,2,52.076,-176.13
251030,Karkar,1974,2,-4.647,145.976
311320,Akutan,1974,2,54.134,-165.986
257070,Kuwae,1974,2,-16.8304,168.5227
257050,Lopevi,1974,1,-16.507,168.346
344120,Concepcion,1973,12,11.538,-85.622
284130,Fukutoku-Oka-no-Ba,1973,12,24.285,141.481
353010,Fernandina,1973,12,-0.37,-91.55
264250,Iliwerung,1973,12,-8.532,123.573
352010,Reventador,1973,11,-0.077,-77.656
312030,Pavlof,1973,11,55.417,-161.894
282050,Kuchinoerabujima,1973,11,30.443,130.217
241100,Ruapehu,1973,16,-39.28,175.57
264150,Paluweh,1973,16,-8.32,121.708
241130,Rumble III,1973,16,-35.745,178.478
257020,Gaua,1973,16,-14.281,167.514
252120,Ulawun,1973,16,-5.05,151.33
284133,Fukujin,1973,9,21.93,143.47
266100,Lokon-Empung,1973,9,1.3644,124.7992
311160,Atka Volcanic Complex,1973,8,52.331,-174.139
263180,Slamet,1973,8,-7.242,109.208
290360,Chikurachki,1973,8,50.324,155.461
290120,Kolokol Group,1973,7,46.042,150.083
261140,Marapi,1973,7,-0.38,100.474
357070,"Chillan, Nevados de",1973,7,-36.868,-71.378
290030,Chachadake [Tiatia],1973,7,44.353,146.252
243102,Curacoa,1973,7,-15.62,-173.67
244000,Vailulu'u,1973,7,-14.215,-169.058
290070,Etorofu-Yakeyama [Grozny Group],1973,5,45.012,147.871
263340,Raung,1973,5,-8.119,114.056
233020,"Fournaise, Piton de la",1973,5,-21.244,55.708
251050,Long Island,1973,4,-5.358,147.12
264220,Iliboleng,1973,4,-8.342,123.258
257040,Ambrym,1973,4,-16.25,168.12
284096,Nishinoshima,1973,4,27.247,140.874
311320,Akutan,1973,3,54.134,-165.986
252010,Langila,1973,2,-5.525,148.42
342090,Fuego,1973,2,14.4748,-90.8806
241050,Okataina,1973,2,-38.1569,176.5069
283110,Asamayama,1973,2,36.406,138.523
261230,Dempo,1973,1,-4.016,103.121
372010,Vestmannaeyjar,1973,1,63.416,-20.266
282110,Asosan,1973,1,32.8849,131.085
290070,Etorofu-Yakeyama [Grozny Group],1973,1,45.012,147.871
376010,Jan Mayen,1973,1,71.082,-8.155
266030,Soputan,1973,1,1.112,124.737
390020,Erebus,1972,12,-77.53,167.17
241080,Tongariro,1972,11,-39.157,175.632
342080,Acatenango,1972,11,14.501,-90.876
255060,Kavachi,1972,16,-8.991,157.979
241100,Ruapehu,1972,16,-39.28,175.57
264150,Paluweh,1972,16,-8.32,121.708
251070,Ritter Island,1972,16,-5.519,148.115
263250,Merapi,1972,16,-7.54,110.446
233010,Karthala,1972,9,-11.75,43.38
282050,Kuchinoerabujima,1972,9,30.443,130.217
358020,Calbuco,1972,8,-41.33,-72.618
352010,Reventador,1972,7,-0.077,-77.656
360160,Kick 'em Jenny,1972,7,12.3,-61.64
333020,Rocard,1972,7,-17.662,-148.586
358060,Lautaro,1972,7,-49.019,-73.504
255020,Bagana,1972,7,-6.137,155.196
334070,Galapagos Rift,1972,6,0.792,-86.15
290390,Alaid,1972,6,50.861,155.565
262000,Krakatau,1972,6,-6.1009,105.4233
233020,"Fournaise, Piton de la",1972,6,-21.244,55.708
353010,Fernandina,1972,6,-0.37,-91.55
290160,Unnamed,1972,4,46.47,151.28
257040,Ambrym,1972,4,-16.25,168.12
241080,Tongariro,1972,3,-39.157,175.632
345040,Poas,1972,2,10.2,-84.233
263310,Tengger Caldera,1972,1,-7.942,112.95
264010,Batur,1972,1,-8.2403,115.3775
267020,Karangetang,1972,1,2.781,125.407
250030,Central Bismarck Sea,1972,1,-3.03,147.78
390020,Erebus,1972,1,-77.53,167.17
357110,Llaima,1971,12,-38.692,-71.729
300260,Klyuchevskoy,1971,11,56.056,160.642
357120,Villarrica,1971,16,-39.42,-71.93
263210,Sundoro,1971,16,-7.302,109.996
383010,La Palma,1971,16,28.57,-17.83
313010,Augustine,1971,16,59.3626,-153.435
360150,Soufriere St. Vincent,1971,16,13.33,-61.18
211060,Etna,1971,9,37.748,14.999
342090,Fuego,1971,9,14.4748,-90.8806
263340,Raung,1971,9,-8.119,114.056
256010,Tinakula,1971,9,-10.386,165.804
333020,Rocard,1971,9,-17.662,-148.586
358057,"Hudson, Cerro",1971,8,-45.9,-72.97
282090,Kirishimayama,1971,8,31.934,130.862
241040,Whakaari/White Island,1971,7,-37.52,177.18
312110,Chiginagak,1971,7,57.135,-156.99
300260,Klyuchevskoy,1971,6,56.056,160.642
266030,Soputan,1971,5,1.112,124.737
257020,Gaua,1971,5,-14.281,167.514
266100,Lokon-Empung,1971,5,1.3644,124.7992
344020,San Cristobal,1971,5,12.702,-87.004
241040,Whakaari/White Island,1971,4,-37.52,177.18
284010,Izu-Oshima,1971,4,34.724,139.394
241100,Ruapehu,1971,4,-39.28,175.57
223020,Nyamulagira,1971,3,-1.408,29.2
300250,Bezymianny,1971,3,55.972,160.595
264010,Batur,1971,3,-8.2403,115.3775
257070,Kuwae,1971,2,-16.8304,168.5227
257040,Ambrym,1971,2,-16.25,168.12
344070,"Negro, Cerro",1971,2,12.506,-86.702
252010,Langila,1971,1,-5.525,148.42
264180,Lewotobi,1971,1,-8.542,122.775
267020,Karangetang,1970,11,2.781,125.407
273070,Taal,1970,11,14.0106,120.9975
283230,Akita-Komagatake,1970,9,39.761,140.799
376010,Jan Mayen,1970,9,71.082,-8.155
241100,Ruapehu,1970,9,-39.28,175.57
300240,Tolbachik,1970,9,55.832,160.326
345020,Rincon de la Vieja,1970,8,10.83,-85.324
390030,Deception Island,1970,8,-62.9567,-60.6367
261140,Marapi,1970,7,-0.38,100.474
345040,Poas,1970,7,10.2,-84.233
261120,Sorikmarapi,1970,7,0.686,99.539
264180,Lewotobi,1970,7,-8.542,122.775
264270,Sirung,1970,7,-8.4972,124.1306
241130,Rumble III,1970,7,-35.745,178.478
290070,Etorofu-Yakeyama [Grozny Group],1970,7,45.012,147.871
241040,Whakaari/White Island,1970,6,-37.52,177.18
284010,Izu-Oshima,1970,6,34.724,139.394
333030,Moua Pihaa,1970,6,-18.325,-148.525
272020,Kanlaon,1970,6,10.4096,123.13
300260,Klyuchevskoy,1970,5,56.056,160.642
255020,Bagana,1970,5,-6.137,155.196
252010,Langila,1970,5,-5.525,148.42
300130,Karymsky,1970,5,54.049,159.443
257050,Lopevi,1970,5,-16.507,168.346
372070,Hekla,1970,5,63.983,-19.666
282110,Asosan,1970,4,32.8849,131.085
343100,San Miguel,1970,3,13.434,-88.269
266030,Soputan,1970,2,1.112,124.737
290120,Kolokol Group,1970,2,46.042,150.083
284070,Myojinsho,1970,1,31.888,139.918
284010,Izu-Oshima,1970,1,34.724,139.394
300240,Tolbachik,1970,1,55.832,160.326
252120,Ulawun,1970,1,-5.05,151.33
264010,Batur,1970,1,-8.2403,115.3775
344070,"Negro, Cerro",1969,12,12.506,-86.702
284120,Ioto,1969,12,24.751,141.289
266100,Lokon-Empung,1969,11,1.3644,124.7992
273070,Taal,1969,16,14.0106,120.9975
255060,Kavachi,1969,16,-8.991,157.979
272020,Kanlaon,1969,16,10.4096,123.13
252010,Langila,1969,9,-5.525,148.42
257020,Gaua,1969,9,-14.281,167.514
345020,Rincon de la Vieja,1969,9,10.83,-85.324
300260,Klyuchevskoy,1969,9,56.056,160.642
311020,Kiska,1969,9,52.103,177.602
241040,Whakaari/White Island,1969,8,-37.52,177.18
263090,Tangkuban Parahu,1969,7,-6.77,107.6
261170,Kerinci,1969,7,-1.697,101.264
263180,Slamet,1969,6,-7.242,109.208
241100,Ruapehu,1969,6,-39.28,175.57
354020,Ubinas,1969,6,-16.345,-70.8972
355100,Lascar,1969,5,-23.37,-67.73
345040,Poas,1969,5,10.2,-84.233
345020,Rincon de la Vieja,1969,4,10.83,-85.324
333030,Moua Pihaa,1969,4,-18.325,-148.525
274020,Didicas,1969,3,19.077,122.202
284141,Ahyi,1969,3,20.42,145.03
264100,Ebulobo,1969,2,-8.817,121.191
332010,Kilauea,1969,2,19.421,-155.287
390030,Deception Island,1969,2,-62.9567,-60.6367
290380,Ebeko,1969,2,50.686,156.014
344040,Telica,1969,2,12.606,-86.84
264110,Iya,1969,1,-8.891,121.641
241080,Tongariro,1969,1,-39.157,175.632
284010,Izu-Oshima,1969,1,34.724,139.394
284120,Ioto,1969,1,24.751,141.289
282050,Kuchinoerabujima,1968,12,30.443,130.217
264180,Lewotobi,1968,11,-8.542,122.775
312160,Trident,1968,11,58.236,-155.1
344070,"Negro, Cerro",1968,16,12.506,-86.702
261160,Talang,1968,9,-0.979,100.681
284133,Fukujin,1968,9,21.93,143.47
241080,Tongariro,1968,8,-39.157,175.632
255020,Bagana,1968,8,-6.137,155.196
345033,Arenal,1968,7,10.463,-84.703
284010,Izu-Oshima,1968,7,34.724,139.394
282020,Io-Torishima,1968,7,27.881,128.223
266030,Soputan,1968,7,1.112,124.737
300260,Klyuchevskoy,1968,7,56.056,160.642
300240,Tolbachik,1968,7,55.832,160.326
357010,Tupungatito,1968,7,-33.425,-69.797
345040,Poas,1968,7,10.2,-84.233
257020,Gaua,1968,7,-14.281,167.514
353010,Fernandina,1968,6,-0.37,-91.55
264140,Kelimutu,1968,6,-8.77,121.82
373050,Kverkfjoll,1968,5,64.653,-16.647
353010,Fernandina,1968,5,-0.37,-91.55
265060,Nila,1968,5,-6.73,129.5
273030,Mayon,1968,4,13.257,123.685
241100,Ruapehu,1968,4,-39.28,175.57
251050,Long Island,1968,3,-5.358,147.12
290070,Etorofu-Yakeyama [Grozny Group],1968,2,45.012,147.871
261170,Kerinci,1968,2,-1.697,101.264
273070,Taal,1968,1,14.0106,120.9975
241040,Whakaari/White Island,1968,1,-37.52,177.18
264010,Batur,1968,1,-8.2403,115.3775
284010,Izu-Oshima,1968,1,34.724,139.394
261160,Talang,1968,1,-0.979,100.681
284120,Ioto,1967,12,24.751,141.289
263280,Kelud,1967,12,-7.935,112.314
243070,Lateiki,1967,12,-19.18,-174.87
313030,Redoubt,1967,12,60.485,-152.742
390030,Deception Island,1967,12,-62.9567,-60.6367
267020,Karangetang,1967,11,2.781,125.407
282020,Io-Torishima,1967,11,27.881,128.223
300130,Karymsky,1967,11,54.049,159.443
332010,Kilauea,1967,11,19.421,-155.287
261170,Kerinci,1967,11,-1.697,101.264
300240,Tolbachik,1967,16,55.832,160.326
261160,Talang,1967,16,-0.979,100.681
290360,Chikurachki,1967,9,50.324,155.461
312160,Trident,1967,9,58.236,-155.1
263300,Semeru,1967,8,-8.108,112.922
273070,Taal,1967,8,14.0106,120.9975
357060,"Azul, Cerro",1967,8,-35.653,-70.761
241100,Ruapehu,1967,7,-39.28,175.57
257020,Gaua,1967,7,-14.281,167.514
257040,Ambrym,1967,7,-16.25,168.12
263090,Tangkuban Parahu,1967,7,-6.77,107.6
222120,"Lengai, Ol Doinyo",1967,7,-2.764,35.914
221080,Erta Ale,1967,7,13.601,40.666
264040,Tambora,1967,7,-8.25,118
300260,Klyuchevskoy,1967,7,56.056,160.642
333060,Macdonald,1967,5,-28.98,-140.25
284010,Izu-Oshima,1967,5,34.724,139.394
282110,Asosan,1967,5,32.8849,131.085
263180,Slamet,1967,5,-7.242,109.208
223020,Nyamulagira,1967,4,-1.408,29.2
342090,Fuego,1967,4,14.4748,-90.8806
261140,Marapi,1967,4,-0.38,100.474
284141,Ahyi,1967,3,20.42,145.03
300240,Tolbachik,1967,3,55.832,160.326
263280,Kelud,1967,2,-7.935,112.314
311360,Shishaldin,1967,1,54.756,-163.97
257050,Lopevi,1967,1,-16.507,168.346
252120,Ulawun,1967,1,-5.05,151.33
252010,Langila,1967,1,-5.525,148.42
290380,Ebeko,1967,1,50.686,156.014
263250,Merapi,1967,1,-7.54,110.446
343100,San Miguel,1967,1,13.434,-88.269
345040,Poas,1967,1,10.2,-84.233
282050,Kuchinoerabujima,1966,11,30.443,130.217
241040,Whakaari/White Island,1966,11,-37.52,177.18
345020,Rincon de la Vieja,1966,11,10.83,-85.324
343030,Izalco,1966,16,13.813,-89.633
313030,Redoubt,1966,16,60.485,-152.742
266100,Lokon-Empung,1966,9,1.3644,124.7992
267040,Awu,1966,8,3.689,125.447
342090,Fuego,1966,8,14.4748,-90.8806
343100,San Miguel,1966,7,13.434,-88.269
273070,Taal,1966,7,14.0106,120.9975
257020,Gaua,1966,7,-14.281,167.514
263180,Slamet,1966,7,-7.242,109.208
312160,Trident,1966,7,58.236,-155.1
344040,Telica,1966,6,12.606,-86.84
285070,Akan,1966,6,43.384,144.013
261170,Kerinci,1966,6,-1.697,101.264
266030,Soputan,1966,5,1.112,124.737
360160,Kick 'em Jenny,1966,5,12.3,-61.64
264010,Batur,1966,4,-8.2403,115.3775
263280,Kelud,1966,4,-7.935,112.314
284202,Ruby,1966,4,15.605,145.572
300240,Tolbachik,1966,4,55.832,160.326
241100,Ruapehu,1966,4,-39.28,175.57
264030,Rinjani,1966,3,-8.42,116.47
255020,Bagana,1966,3,-6.137,155.196
255060,Kavachi,1966,3,-8.991,157.979
261140,Marapi,1966,3,-0.38,100.474
233020,"Fournaise, Piton de la",1966,3,-21.244,55.708
312030,Pavlof,1966,3,55.417,-161.894
333020,Rocard,1966,3,-17.662,-148.586
264050,Sangeang Api,1966,2,-8.2,119.07
343100,San Miguel,1966,2,13.434,-88.269
342090,Fuego,1966,2,14.4748,-90.8806
313030,Redoubt,1966,1,60.485,-152.742
211060,Etna,1966,1,37.748,14.999
332010,Kilauea,1965,12,19.421,-155.287
255060,Kavachi,1965,12,-8.991,157.979
290240,Sarychev Peak,1965,12,48.092,153.2
284010,Izu-Oshima,1965,11,34.724,139.394
256010,Tinakula,1965,11,-10.386,165.804
284090,Izu-Torishima,1965,11,30.484,140.303
264270,Sirung,1965,11,-8.4972,124.1306
360160,Kick 'em Jenny,1965,16,12.3,-61.64
263090,Tangkuban Parahu,1965,16,-6.77,107.6
344100,Masaya,1965,16,11.9844,-86.1688
273070,Taal,1965,9,14.0106,120.9975
257020,Gaua,1965,9,-14.281,167.514
264030,Rinjani,1965,9,-8.42,116.47
264010,Batur,1965,8,-8.2403,115.3775
290380,Ebeko,1965,8,50.686,156.014
300260,Klyuchevskoy,1965,8,56.056,160.642
257010,Suretamatai,1965,8,-13.8,167.47
233010,Karthala,1965,7,-11.75,43.38
266100,Lokon-Empung,1965,7,1.3644,124.7992
342110,Pacaya,1965,7,14.382,-90.601
334120,Southern EPR at 17.5°S (Segment K),1965,7,-17.436,-113.206
251020,Manam,1965,7,-4.08,145.037
262000,Krakatau,1965,7,-6.1009,105.4233
300240,Tolbachik,1965,7,55.832,160.326
343100,San Miguel,1965,6,13.434,-88.269
283110,Asamayama,1965,5,36.406,138.523
300130,Karymsky,1965,5,54.049,159.443
285070,Akan,1965,5,43.384,144.013
264270,Sirung,1965,5,-8.4972,124.1306
267020,Karangetang,1965,4,2.781,125.407
300250,Bezymianny,1965,3,55.972,160.595
332010,Kilauea,1965,3,19.421,-155.287
263090,Tangkuban Parahu,1965,2,-6.77,107.6
344040,Telica,1965,1,12.606,-86.84
345040,Poas,1964,4,10.2,-84.233
300250,Bezymianny,1964,4,55.972,160.595
233020,"Fournaise, Piton de la",1964,4,-21.244,55.708
263200,Dieng Volcanic Complex,1964,4,-7.2,109.879
252010,Langila,1964,4,-5.525,148.42
242030,Raoul Island,1964,3,-29.27,-177.92
300270,Sheveluch,1964,3,56.653,161.36
343100,San Miguel,1964,2,13.434,-88.269
282110,Asosan,1964,1,32.8849,131.085
357010,Tupungatito,1964,1,-33.425,-69.797
261170,Kerinci,1964,1,-1.697,101.264
334100,Southern EPR at 8°S,1964,1,-8.27,-107.95
357110,Llaima,1964,12,-38.692,-71.729
300250,Bezymianny,1964,12,55.972,160.595
285070,Akan,1964,12,43.384,144.013
312160,Trident,1964,12,58.236,-155.1
282110,Asosan,1964,12,32.8849,131.085
233020,"Fournaise, Piton de la",1964,11,-21.244,55.708
255020,Bagana,1964,16,-6.137,155.196
311020,Kiska,1964,16,52.103,177.602
300240,Tolbachik,1964,16,55.832,160.326
265060,Nila,1964,9,-6.73,129.5
311340,Westdahl,1964,9,54.516,-164.65
357120,Villarrica,1964,8,-39.42,-71.93
257040,Ambrym,1964,7,-16.25,168.12
261230,Dempo,1964,6,-4.016,103.121
264270,Sirung,1964,6,-8.4972,124.1306
290360,Chikurachki,1964,6,50.324,155.461
264050,Sangeang Api,1964,6,-8.2,119.07
264150,Paluweh,1963,6,-8.32,121.708
311360,Shishaldin,1963,5,54.756,-163.97
266100,Lokon-Empung,1963,5,1.3644,124.7992
255060,Kavachi,1963,5,-8.991,157.979
251020,Manam,1963,5,-4.08,145.037
283150,Nasudake,1963,5,37.125,139.963
390020,Erebus,1963,5,-77.53,167.17
300260,Klyuchevskoy,1963,5,56.056,160.642
282110,Asosan,1963,4,32.8849,131.085
372010,Vestmannaeyjar,1963,4,63.416,-20.266
233020,"Fournaise, Piton de la",1963,3,-21.244,55.708
312160,Trident,1963,3,58.236,-155.1
313010,Augustine,1963,3,59.3626,-153.435
342090,Fuego,1963,1,14.4748,-90.8806
257020,Gaua,1963,1,-14.281,167.514
264010,Batur,1963,12,-8.2403,115.3775
257040,Ambrym,1963,12,-16.25,168.12
332010,Kilauea,1963,12,19.421,-155.287
261170,Kerinci,1963,12,-1.697,101.264
283090,Niigata-Yakeyama,1963,12,36.921,138.036
257050,Lopevi,1963,12,-16.507,168.346
261160,Talang,1963,12,-0.979,100.681
341040,Colima,1963,11,19.514,-103.62
345040,Poas,1963,16,10.2,-84.233
300250,Bezymianny,1963,16,55.972,160.595
344120,Concepcion,1963,9,11.538,-85.622
282110,Asosan,1963,8,32.8849,131.085
353050,"Negra, Sierra",1963,7,-0.83,-91.17
312160,Trident,1963,7,58.236,-155.1
252120,Ulawun,1963,7,-5.05,151.33
344070,"Negro, Cerro",1963,7,12.506,-86.702
345060,Irazu,1963,7,9.979,-83.852
290380,Ebeko,1963,7,50.686,156.014
353020,Wolf,1963,6,0.02,-91.35
357120,Villarrica,1963,6,-39.42,-71.93
264020,Agung,1963,4,-8.343,115.508
251020,Manam,1963,3,-4.08,145.037
283090,Niigata-Yakeyama,1963,2,36.921,138.036
311190,Amukta,1963,2,52.5,-171.252
241130,Rumble III,1963,1,-35.745,178.478
268060,Gamalama,1962,1,0.81,127.3322
241040,Whakaari/White Island,1962,1,-37.52,177.18
332010,Kilauea,1962,12,19.421,-155.287
311320,Akutan,1962,12,54.134,-165.986
300250,Bezymianny,1962,11,55.972,160.595
284040,Miyakejima,1962,11,34.094,139.526
300240,Tolbachik,1962,11,55.832,160.326
342090,Fuego,1962,11,14.4748,-90.8806
257050,Lopevi,1962,11,-16.507,168.346
257020,Gaua,1962,16,-14.281,167.514
285050,Tokachidake,1962,16,43.418,142.686
283070,Yakedake,1962,16,36.227,137.587
344120,Concepcion,1962,16,11.538,-85.622
312160,Trident,1962,16,58.236,-155.1
241080,Tongariro,1962,9,-39.157,175.632
285070,Akan,1962,9,43.384,144.013
251020,Manam,1962,9,-4.08,145.037
266100,Lokon-Empung,1962,8,1.3644,124.7992
344070,"Negro, Cerro",1962,8,12.506,-86.702
252010,Langila,1962,7,-5.525,148.42
283090,Niigata-Yakeyama,1962,7,36.921,138.036
390140,Protector Seamounts,1962,6,-55.912,-28.167
255020,Bagana,1962,6,-6.137,155.196
267020,Karangetang,1962,6,2.781,125.407
311020,Kiska,1962,6,52.103,177.602
284010,Izu-Oshima,1962,5,34.724,139.394
255060,Kavachi,1962,5,-8.991,157.979
344040,Telica,1962,5,12.606,-86.84
357040,Planchon-Peteroa,1962,4,-35.223,-70.568
373060,Askja,1961,3,65.033,-16.783
344070,"Negro, Cerro",1961,3,12.506,-86.702
300250,Bezymianny,1961,3,55.972,160.595
358060,Lautaro,1961,2,-49.019,-73.504
386010,Tristan da Cunha,1961,1,-37.092,-12.28
267020,Karangetang,1961,1,2.781,125.407
283110,Asamayama,1961,1,36.406,138.523
257040,Ambrym,1961,12,-16.25,168.12
285050,Tokachidake,1961,12,43.418,142.686
255020,Bagana,1961,12,-6.137,155.196
251020,Manam,1961,11,-4.08,145.037
263090,Tangkuban Parahu,1961,11,-6.77,107.6
332010,Kilauea,1961,11,19.421,-155.287
341040,Colima,1961,11,19.514,-103.62
357090,Copahue,1961,11,-37.856,-71.183
357120,Villarrica,1961,16,-39.42,-71.93
312160,Trident,1961,16,58.236,-155.1
300250,Bezymianny,1961,9,55.972,160.595
266100,Lokon-Empung,1961,9,1.3644,124.7992
357010,Tupungatito,1961,8,-33.425,-69.797
290360,Chikurachki,1961,8,50.324,155.461
263250,Merapi,1961,8,-7.54,110.446
233020,"Fournaise, Piton de la",1961,8,-21.244,55.708
255060,Kavachi,1961,8,-8.991,157.979
300250,Bezymianny,1961,7,55.972,160.595
300240,Tolbachik,1961,7,55.832,160.326
353010,Fernandina,1961,7,-0.37,-91.55
342110,Pacaya,1961,7,14.382,-90.601
267020,Karangetang,1961,7,2.781,125.407
332010,Kilauea,1961,6,19.421,-155.287
358020,Calbuco,1961,6,-41.33,-72.618
300070,Gorely,1961,5,52.5549,158.0358
252010,Langila,1960,5,-5.525,148.42
263180,Slamet,1960,4,-7.242,109.208
300260,Klyuchevskoy,1960,4,56.056,160.642
300060,Mutnovsky,1960,4,52.449,158.196
355020,Guallatiri,1960,3,-18.42,-69.092
290150,Chirpoi,1960,3,46.532,150.871
311290,Okmok,1960,2,53.43,-168.13
283150,Nasudake,1960,2,37.125,139.963
344070,"Negro, Cerro",1960,1,12.506,-86.702
290200,Ketoi,1960,12,47.35,152.475
257040,Ambrym,1960,12,-16.25,168.12
282110,Asosan,1960,12,32.8849,131.085
285070,Akan,1960,12,43.384,144.013
290240,Sarychev Peak,1960,12,48.092,153.2
252120,Ulawun,1960,12,-5.05,151.33
284070,Myojinsho,1960,12,31.888,139.918
257060,East Epi,1960,11,-16.6797,168.3893
261170,Kerinci,1960,16,-1.697,101.264
357010,Tupungatito,1960,8,-33.425,-69.797
357040,Planchon-Peteroa,1960,8,-35.223,-70.568
257050,Lopevi,1960,7,-16.507,168.346
282030,Suwanosejima,1960,7,29.638,129.714
357020,San Jose,1960,6,-33.789,-69.895
357090,Copahue,1960,6,-37.856,-71.183
312030,Pavlof,1960,6,55.417,-161.894
352010,Reventador,1960,4,-0.077,-77.656
357150,Puyehue-Cordon Caulle,1960,4,-40.59,-72.117
251010,Bam,1960,3,-3.613,144.818
300130,Karymsky,1960,2,54.049,159.443
300250,Bezymianny,1960,2,55.972,160.595
222120,"Lengai, Ol Doinyo",1960,2,-2.764,35.914
264270,Sirung,1960,1,-8.4972,124.1306
221080,Erta Ale,1960,1,13.601,40.666
282110,Asosan,1960,1,32.8849,131.085
233020,"Fournaise, Piton de la",1960,1,-21.244,55.708
358060,Lautaro,1959,12,-49.019,-73.504
251020,Manam,1959,12,-4.08,145.037
262000,Krakatau,1959,12,-6.1009,105.4233
241040,Whakaari/White Island,1959,11,-37.52,177.18
355100,Lascar,1959,16,-23.37,-67.73
332010,Kilauea,1959,8,19.421,-155.287
357040,Planchon-Peteroa,1959,8,-35.223,-70.568
211060,Etna,1959,8,37.748,14.999
357010,Tupungatito,1959,7,-33.425,-69.797
284010,Izu-Oshima,1959,7,34.724,139.394
300250,Bezymianny,1959,7,55.972,160.595
257070,Kuwae,1959,6,-16.8304,168.5227
285050,Tokachidake,1959,6,43.418,142.686
282110,Asosan,1959,6,32.8849,131.085
355020,Guallatiri,1959,6,-18.42,-69.092
284134,Kasuga 1,1959,6,21.765,143.71
284070,Myojinsho,1959,5,31.888,139.918
255020,Bagana,1959,5,-6.137,155.196
357020,San Jose,1959,4,-33.789,-69.895
373050,Kverkfjoll,1959,4,64.653,-16.647
300240,Tolbachik,1959,3,55.832,160.326
300120,Zhupanovsky,1959,3,53.589,159.15
353060,"Azul, Cerro",1959,2,-0.92,-91.408
251020,Manam,1959,2,-4.08,145.037
282020,Io-Torishima,1959,2,27.881,128.223
241080,Tongariro,1959,2,-39.157,175.632
241100,Ruapehu,1959,2,-39.28,175.57
285070,Akan,1959,12,43.384,144.013
257040,Ambrym,1959,11,-16.25,168.12
251010,Bam,1959,11,-3.613,144.818
357010,Tupungatito,1959,16,-33.425,-69.797
211060,Etna,1959,16,37.748,14.999
233020,"Fournaise, Piton de la",1959,16,-21.244,55.708
282090,Kirishimayama,1959,9,31.934,130.862
224010,Cameroon,1959,9,4.203,9.17
284010,Izu-Oshima,1959,9,34.724,139.394
300260,Klyuchevskoy,1959,9,56.056,160.642
283120,Kusatsu-Shiranesan,1958,9,36.618,138.528
243060,Tofua,1958,8,-19.75,-175.07
300250,Bezymianny,1958,7,55.972,160.595
241040,Whakaari/White Island,1958,7,-37.52,177.18
255060,Kavachi,1958,7,-8.991,157.979
257040,Ambrym,1958,7,-16.25,168.12
211060,Etna,1958,6,37.748,14.999
352010,Reventador,1958,6,-0.077,-77.656
357120,Villarrica,1958,6,-39.42,-71.93
241080,Tongariro,1958,6,-39.157,175.632
261140,Marapi,1958,6,-0.38,100.474
257070,Kuwae,1958,6,-16.8304,168.5227
285050,Tokachidake,1958,6,43.418,142.686
283110,Asamayama,1958,5,36.406,138.523
262000,Krakatau,1958,5,-6.1009,105.4233
257060,East Epi,1958,5,-16.6797,168.3893
353010,Fernandina,1958,4,-0.37,-91.55
263180,Slamet,1958,4,-7.242,109.208
251010,Bam,1958,4,-3.613,144.818
311290,Okmok,1958,4,53.43,-168.13
223020,Nyamulagira,1958,4,-1.408,29.2
300240,Tolbachik,1958,4,55.832,160.326
266110,Mahawu,1958,3,1.352,124.865
241130,Rumble III,1958,2,-35.745,178.478
264050,Sangeang Api,1958,2,-8.2,119.07
284070,Myojinsho,1958,1,31.888,139.918
345040,Poas,1958,1,10.2,-84.233
290100,Moyorodake [Medvezhia],1958,1,45.389,148.838
261140,Marapi,1958,1,-0.38,100.474
233020,"Fournaise, Piton de la",1958,12,-21.244,55.708
290360,Chikurachki,1958,11,50.324,155.461
300250,Bezymianny,1958,11,55.972,160.595
300260,Klyuchevskoy,1958,16,56.056,160.642
312030,Pavlof,1958,16,55.417,-161.894
252010,Langila,1958,16,-5.525,148.42
284010,Izu-Oshima,1958,9,34.724,139.394
263180,Slamet,1958,9,-7.242,109.208
251010,Bam,1958,8,-3.613,144.818
285070,Akan,1958,8,43.384,144.013
266100,Lokon-Empung,1958,7,1.3644,124.7992
222120,"Lengai, Ol Doinyo",1958,7,-2.764,35.914
252120,Ulawun,1958,6,-5.05,151.33
300250,Bezymianny,1958,6,55.972,160.595
357010,Tupungatito,1958,6,-33.425,-69.797
223020,Nyamulagira,1957,6,-1.408,29.2
241040,Whakaari/White Island,1957,6,-37.52,177.18
290180,Zavaritzki Caldera,1957,6,46.9178,151.9518
251010,Bam,1957,5,-3.613,144.818
282110,Asosan,1957,4,32.8849,131.085
290220,Rasshua,1957,4,47.77,153.02
382010,Fayal,1957,4,38.576,-28.713
344070,"Negro, Cerro",1957,4,12.506,-86.702
233020,"Fournaise, Piton de la",1957,4,-21.244,55.708
257040,Ambrym,1957,3,-16.25,168.12
211060,Etna,1957,3,37.748,14.999
284010,Izu-Oshima,1957,2,34.724,139.394
223050,Visoke,1957,2,-1.458,29.485
300250,Bezymianny,1957,2,55.972,160.595
300260,Klyuchevskoy,1957,1,56.056,160.642
312160,Trident,1957,1,58.236,-155.1
351060,Purace,1957,1,2.3095,-76.3948
353050,"Negra, Sierra",1957,1,-0.83,-91.17
264050,Sangeang Api,1957,12,-8.2,119.07
283260,Akita-Yakeyama,1957,12,39.964,140.757
243100,Fonualei,1957,11,-18.023,-174.317
290360,Chikurachki,1957,11,50.324,155.461
341040,Colima,1957,11,19.514,-103.62
284070,Myojinsho,1957,11,31.888,139.918
282110,Asosan,1957,11,32.8849,131.085
284120,Ioto,1957,16,24.751,141.289
344120,Concepcion,1957,16,11.538,-85.622
263060,Gede-Pangrango,1957,16,-6.786,106.983
285070,Akan,1957,16,43.384,144.013
342090,Fuego,1957,9,14.4748,-90.8806
263180,Slamet,1957,9,-7.242,109.208
255060,Kavachi,1957,9,-8.991,157.979
211060,Etna,1957,9,37.748,14.999
263090,Tangkuban Parahu,1957,8,-6.77,107.6
300120,Zhupanovsky,1956,8,53.589,159.15
282110,Asosan,1956,8,32.8849,131.085
264050,Sangeang Api,1956,7,-8.2,119.07
300090,Koryaksky,1956,6,53.321,158.712
251020,Manam,1956,6,-4.08,145.037
241100,Ruapehu,1956,6,-39.28,175.57
223020,Nyamulagira,1956,5,-1.408,29.2
282030,Suwanosejima,1956,4,29.638,129.714
360060,Soufriere Guadeloupe,1956,4,16.044,-61.664
357120,Villarrica,1956,4,-39.42,-71.93
300240,Tolbachik,1956,4,55.832,160.326
312160,Trident,1956,3,58.236,-155.1
282110,Asosan,1956,3,32.8849,131.085
351060,Purace,1956,3,2.3095,-76.3948
255020,Bagana,1956,3,-6.137,155.196
258010,Matthew Island,1956,3,-22.33,171.32
263310,Tengger Caldera,1956,2,-7.942,112.95
285050,Tokachidake,1956,1,43.418,142.686
263200,Dieng Volcanic Complex,1956,1,-7.2,109.879
233010,Karthala,1956,1,-11.75,43.38
354020,Ubinas,1956,12,-16.345,-70.8972
263060,Gede-Pangrango,1956,11,-6.786,106.983
252010,Langila,1956,11,-5.525,148.42
261220,Kaba,1956,11,-3.522,102.615
285070,Akan,1956,11,43.384,144.013
300130,Karymsky,1956,16,54.049,159.443
312070,Veniaminof,1956,16,56.17,-159.38
263340,Raung,1956,16,-8.119,114.056
300260,Klyuchevskoy,1956,16,56.056,160.642
241080,Tongariro,1956,16,-39.157,175.632
390080,Bristol Island,1956,9,-59.017,-26.533
284010,Izu-Oshima,1956,9,34.724,139.394
282110,Asosan,1956,9,32.8849,131.085
263310,Tengger Caldera,1955,8,-7.942,112.95
285070,Akan,1955,8,43.384,144.013
263180,Slamet,1955,8,-7.242,109.208
357110,Llaima,1955,8,-38.692,-71.729
300250,Bezymianny,1955,8,55.972,160.595
282080,Aira,1955,7,31.5772,130.6589
300240,Tolbachik,1955,7,55.832,160.326
357140,Carran-Los Venados,1955,7,-40.35,-72.07
342090,Fuego,1955,6,14.4748,-90.8806
282110,Asosan,1955,6,32.8849,131.085
311360,Shishaldin,1955,6,54.756,-163.97
233020,"Fournaise, Piton de la",1955,6,-21.244,55.708
257040,Ambrym,1955,6,-16.25,168.12
264050,Sangeang Api,1955,5,-8.2,119.07
352010,Reventador,1955,5,-0.077,-77.656
390020,Erebus,1955,5,-77.53,167.17
300130,Karymsky,1955,5,54.049,159.443
290260,Chirinkotan,1955,5,48.98,153.48
284070,Myojinsho,1955,5,31.888,139.918
251050,Long Island,1955,4,-5.358,147.12
252010,Langila,1955,4,-5.525,148.42
211060,Etna,1955,3,37.748,14.999
332010,Kilauea,1955,3,19.421,-155.287
252010,Langila,1955,3,-5.525,148.42
262000,Krakatau,1955,2,-6.1009,105.4233
222120,"Lengai, Ol Doinyo",1955,2,-2.764,35.914
263340,Raung,1955,1,-8.119,114.056
241040,Whakaari/White Island,1955,1,-37.52,177.18
300240,Tolbachik,1955,1,55.832,160.326
263200,Dieng Volcanic Complex,1954,1,-7.2,109.879
285040,Shikotsu,1954,12,42.688,141.38
353050,"Negra, Sierra",1954,12,-0.83,-91.17
284070,Myojinsho,1954,12,31.888,139.918
264050,Sangeang Api,1954,11,-8.2,119.07
344080,Las Pilas-El Hoyo Complex,1954,11,12.4922,-86.6786
343100,San Miguel,1954,11,13.434,-88.269
258010,Matthew Island,1954,11,-22.33,171.32
285050,Tokachidake,1954,11,43.418,142.686
290240,Sarychev Peak,1954,11,48.092,153.2
261140,Marapi,1954,16,-0.38,100.474
251010,Bam,1954,16,-3.613,144.818
222120,"Lengai, Ol Doinyo",1954,9,-2.764,35.914
257040,Ambrym,1954,9,-16.25,168.12
282030,Suwanosejima,1954,8,29.638,129.714
224010,Cameroon,1954,8,4.203,9.17
355100,Lascar,1954,8,-23.37,-67.73
332010,Kilauea,1954,8,19.421,-155.287
300260,Klyuchevskoy,1954,8,56.056,160.642
282110,Asosan,1954,7,32.8849,131.085
252010,Langila,1954,7,-5.525,148.42
251020,Manam,1954,7,-4.08,145.037
241080,Tongariro,1954,6,-39.157,175.632
285040,Shikotsu,1954,6,42.688,141.38
264050,Sangeang Api,1954,6,-8.2,119.07
234010,Heard,1954,6,-53.106,73.513
343020,Santa Ana,1954,6,13.853,-89.63
300240,Tolbachik,1954,5,55.832,160.326
223020,Nyamulagira,1954,5,-1.408,29.2
344070,"Negro, Cerro",1954,4,12.506,-86.702
233020,"Fournaise, Piton de la",1954,4,-21.244,55.708
373010,Grimsvotn,1954,3,64.416,-17.316
285070,Akan,1954,3,43.384,144.013
241080,Tongariro,1953,3,-39.157,175.632
283110,Asamayama,1953,2,36.406,138.523
282110,Asosan,1953,2,32.8849,131.085
312030,Pavlof,1953,2,55.417,-161.894
266030,Soputan,1953,2,1.112,124.737
360160,Kick 'em Jenny,1953,1,12.3,-61.64
283150,Nasudake,1953,1,37.125,139.963
264030,Rinjani,1953,1,-8.42,116.47
284010,Izu-Oshima,1953,1,34.724,139.394
311360,Shishaldin,1953,12,54.756,-163.97
262000,Krakatau,1953,11,-6.1009,105.4233
285040,Shikotsu,1953,11,42.688,141.38
264110,Iya,1953,16,-8.891,121.641
353050,"Negra, Sierra",1953,16,-0.83,-91.17
234010,Heard,1953,16,-53.106,73.513
263180,Slamet,1953,16,-7.242,109.208
313040,Spurr,1953,16,61.299,-152.251
311320,Akutan,1953,9,54.134,-165.986
300130,Karymsky,1953,9,54.049,159.443
353040,Alcedo,1953,9,-0.43,-91.12
284121,Kita-Fukutokutai,1953,9,24.417,141.417
267020,Karangetang,1953,9,2.781,125.407
250010,St. Andrew Strait,1953,8,-2.38,147.35
255020,Bagana,1953,8,-6.137,155.196
264270,Sirung,1953,7,-8.4972,124.1306
300260,Klyuchevskoy,1953,7,56.056,160.642
257040,Ambrym,1953,7,-16.25,168.12
251050,Long Island,1953,6,-5.358,147.12
282110,Asosan,1953,6,32.8849,131.085
251020,Manam,1953,6,-4.08,145.037
342090,Fuego,1953,6,14.4748,-90.8806
263200,Dieng Volcanic Complex,1953,6,-7.2,109.879
264050,Sangeang Api,1953,6,-8.2,119.07
262000,Krakatau,1953,5,-6.1009,105.4233
233020,"Fournaise, Piton de la",1953,5,-21.244,55.708
263250,Merapi,1953,5,-7.54,110.446
312140,Martin,1953,4,58.172,-155.361
312160,Trident,1953,3,58.236,-155.1
257060,East Epi,1953,3,-16.6797,168.3893
257070,Kuwae,1953,2,-16.8304,168.5227
263340,Raung,1953,2,-8.119,114.056
300140,Maly Semyachik,1952,2,54.135,159.674
241080,Tongariro,1952,2,-39.157,175.632
300130,Karymsky,1952,1,54.049,159.443
290310,Tao-Rusyr Caldera,1952,1,49.34,154.725
290350,Karpinsky Group,1952,1,50.148,155.373
284140,Farallon de Pajaros,1952,12,20.546,144.893
344080,Las Pilas-El Hoyo Complex,1952,12,12.4922,-86.6786
262000,Krakatau,1952,12,-6.1009,105.4233
257070,Kuwae,1952,12,-16.8304,168.5227
284070,Myojinsho,1952,12,31.888,139.918
285050,Tokachidake,1952,11,43.418,142.686
263290,Arjuno-Welirang,1952,11,-7.733,112.575
257040,Ambrym,1952,11,-16.25,168.12
341020,Barcena,1952,11,19.3,-110.82
241100,Ruapehu,1952,16,-39.28,175.57
283140,Nikko-Shiranesan,1952,16,36.799,139.376
268040,Gamkonora,1952,16,1.38,127.53
263090,Tangkuban Parahu,1952,16,-6.77,107.6
266110,Mahawu,1952,9,1.352,124.865
332010,Kilauea,1952,9,19.421,-155.287
283110,Asamayama,1952,9,36.406,138.523
233020,"Fournaise, Piton de la",1952,9,-21.244,55.708
263350,Ijen,1952,9,-8.058,114.242
255060,Kavachi,1952,9,-8.991,157.979
261220,Kaba,1952,8,-3.522,102.615
264250,Iliwerung,1952,8,-8.532,123.573
345040,Poas,1952,8,10.2,-84.233
274020,Didicas,1952,8,19.077,122.202
255020,Bagana,1952,8,-6.137,155.196
267020,Karangetang,1952,7,2.781,125.407
233010,Karthala,1952,7,-11.75,43.38
311070,Gareloi,1952,7,51.79,-178.794
261170,Kerinci,1952,5,-1.697,101.264
290120,Kolokol Group,1952,5,46.042,150.083
311310,Makushin,1951,5,53.891,-166.923
264230,Lewotolok,1951,5,-8.274,123.508
255060,Kavachi,1951,5,-8.991,157.979
300260,Klyuchevskoy,1951,4,56.056,160.642
223020,Nyamulagira,1951,3,-1.408,29.2
355100,Lascar,1951,2,-23.37,-67.73
264250,Iliwerung,1951,2,-8.532,123.573
256010,Tinakula,1951,2,-10.386,165.804
311320,Akutan,1951,2,54.134,-165.986
312030,Pavlof,1951,2,55.417,-161.894
233020,"Fournaise, Piton de la",1951,1,-21.244,55.708
263280,Kelud,1951,1,-7.935,112.314
243100,Fonualei,1951,12,-18.023,-174.317
284140,Farallon de Pajaros,1951,12,20.546,144.893
285040,Shikotsu,1951,12,42.688,141.38
223020,Nyamulagira,1951,11,-1.408,29.2
354020,Ubinas,1951,11,-16.345,-70.8972
312140,Martin,1951,16,58.172,-155.361
344120,Concepcion,1951,16,11.538,-85.622
344040,Telica,1951,9,12.606,-86.84
284133,Fukujin,1951,8,21.93,143.47
290080,Sashiusudake [Baransky],1951,8,45.1,148.019
266100,Lokon-Empung,1951,8,1.3644,124.7992
268040,Gamkonora,1951,7,1.38,127.53
264220,Iliboleng,1951,7,-8.342,123.258
353060,"Azul, Cerro",1951,6,-0.92,-91.408
263180,Slamet,1951,6,-7.242,109.208
241050,Okataina,1951,6,-38.1569,176.5069
384010,Fogo,1951,6,14.95,-24.35
304030,Ashikule Volcanic Field,1951,6,35.742,81.646
341021,Socorro,1951,6,18.78,-110.95
241080,Tongariro,1951,5,-39.157,175.632
282110,Asosan,1951,5,32.8849,131.085
311360,Shishaldin,1951,5,54.756,-163.97
241100,Ruapehu,1951,5,-39.28,175.57
263170,Ciremai,1951,4,-6.895,108.408
283260,Akita-Yakeyama,1951,4,39.964,140.757
263180,Slamet,1951,4,-7.242,109.208
285040,Shikotsu,1951,3,42.688,141.38
253010,Lamington,1951,3,-8.95,148.15
257040,Ambrym,1950,3,-16.25,168.12
255060,Kavachi,1950,3,-8.991,157.979
344070,"Negro, Cerro",1950,3,12.506,-86.702
282110,Asosan,1950,2,32.8849,131.085
311120,Great Sitkin,1950,2,52.076,-176.13
263290,Arjuno-Welirang,1950,1,-7.733,112.575
268040,Gamkonora,1950,1,1.38,127.53
261140,Marapi,1950,1,-0.38,100.474
283110,Asamayama,1950,11,36.406,138.523
264250,Iliwerung,1950,11,-8.532,123.573
233020,"Fournaise, Piton de la",1950,11,-21.244,55.708
312030,Pavlof,1950,11,55.417,-161.894
263300,Semeru,1950,16,-8.108,112.922
284010,Izu-Oshima,1950,16,34.724,139.394
262000,Krakatau,1950,16,-6.1009,105.4233
283260,Akita-Yakeyama,1950,9,39.964,140.757
334050,Northern EPR at 9.8°N,1950,9,9.83,-104.3
312160,Trident,1950,8,58.236,-155.1
311070,Gareloi,1950,8,51.79,-178.794
282080,Aira,1950,8,31.5772,130.6589
241100,Ruapehu,1950,8,-39.28,175.57
241080,Tongariro,1950,8,-39.157,175.632
332020,Mauna Loa,1950,7,19.475,-155.608
263310,Tengger Caldera,1950,7,-7.942,112.95
390080,Bristol Island,1950,6,-59.017,-26.533
261220,Kaba,1950,6,-3.522,102.615
264220,Iliboleng,1950,6,-8.342,123.258
233020,"Fournaise, Piton de la",1950,5,-21.244,55.708
283180,Azumayama,1950,5,37.735,140.244
234010,Heard,1950,5,-53.106,73.513
283210,Kurikomayama,1950,5,38.961,140.788
351080,Galeras,1950,5,1.22,-77.37
212040,Santorini,1950,4,36.404,25.396
311120,Great Sitkin,1949,4,52.076,-176.13
282110,Asosan,1949,3,32.8849,131.085
341130,Tacana,1949,3,15.132,-92.109
211060,Etna,1949,2,37.748,14.999
342090,Fuego,1949,1,14.4748,-90.8806
261140,Marapi,1949,1,-0.38,100.474
257070,Kuwae,1949,1,-16.8304,168.5227
282030,Suwanosejima,1949,1,29.638,129.714
267020,Karangetang,1949,12,2.781,125.407
266100,Lokon-Empung,1949,12,1.3644,124.7992
357110,Llaima,1949,11,-38.692,-71.729
283260,Akita-Yakeyama,1949,11,39.964,140.757
383010,La Palma,1949,11,28.57,-17.83
264220,Iliboleng,1949,16,-8.342,123.258
344070,"Negro, Cerro",1949,9,12.506,-86.702
312160,Trident,1949,9,58.236,-155.1
351060,Purace,1949,9,2.3095,-76.3948
262000,Krakatau,1949,9,-6.1009,105.4233
300260,Klyuchevskoy,1949,9,56.056,160.642
261140,Marapi,1949,8,-0.38,100.474
357060,"Azul, Cerro",1949,6,-35.653,-70.761
264250,Iliwerung,1949,6,-8.532,123.573
257070,Kuwae,1949,6,-16.8304,168.5227
283110,Asamayama,1949,5,36.406,138.523
241080,Tongariro,1949,5,-39.157,175.632
283090,Niigata-Yakeyama,1949,4,36.921,138.036
264220,Iliboleng,1949,4,-8.342,123.258
332020,Mauna Loa,1949,4,19.475,-155.608
267010,Ruang,1949,4,2.3058,125.3671
268040,Gamkonora,1949,3,1.38,127.53
264030,Rinjani,1949,3,-8.42,116.47
258010,Matthew Island,1949,3,-22.33,171.32
353060,"Azul, Cerro",1949,2,-0.92,-91.408
255020,Bagana,1948,1,-6.137,155.196
267020,Karangetang,1948,1,2.781,125.407
263060,Gede-Pangrango,1948,1,-6.786,106.983
263180,Slamet,1948,1,-7.242,109.208
343030,Izalco,1948,1,13.813,-89.633
357120,Villarrica,1948,1,-39.42,-71.93
263250,Merapi,1948,12,-7.54,110.446
257070,Kuwae,1948,11,-16.8304,168.5227
271080,Camiguin,1948,11,9.203,124.673
241080,Tongariro,1948,11,-39.157,175.632
344100,Masaya,1948,11,11.9844,-86.1688
353050,"Negra, Sierra",1948,11,-0.83,-91.17
300260,Klyuchevskoy,1948,11,56.056,160.642
282080,Aira,1948,16,31.5772,130.6589
353060,"Azul, Cerro",1948,16,-0.92,-91.408
344040,Telica,1948,16,12.606,-86.84
241100,Ruapehu,1948,16,-39.28,175.57
241080,Tongariro,1948,9,-39.157,175.632
264220,Iliboleng,1948,9,-8.342,123.258
311320,Akutan,1948,8,54.134,-165.986
233010,Karthala,1948,8,-11.75,43.38
357120,Villarrica,1948,8,-39.42,-71.93
282110,Asosan,1948,8,32.8849,131.085
264250,Iliwerung,1948,7,-8.532,123.573
344070,"Negro, Cerro",1948,7,12.506,-86.702
223020,Nyamulagira,1948,7,-1.408,29.2
263310,Tengger Caldera,1948,7,-7.942,112.95
233020,"Fournaise, Piton de la",1948,7,-21.244,55.708
353020,Wolf,1948,7,0.02,-91.35
344040,Telica,1948,7,12.606,-86.84
344120,Concepcion,1948,7,11.538,-85.622
345040,Poas,1948,6,10.2,-84.233
283260,Akita-Yakeyama,1948,6,39.964,140.757
311360,Shishaldin,1948,6,54.756,-163.97
267020,Karangetang,1947,5,2.781,125.407
300070,Gorely,1947,5,52.5549,158.0358
263060,Gede-Pangrango,1947,5,-6.786,106.983
266030,Soputan,1947,5,1.112,124.737
344070,"Negro, Cerro",1947,5,12.506,-86.702
283110,Asamayama,1947,4,36.406,138.523
282110,Asosan,1947,4,32.8849,131.085
351060,Purace,1947,4,2.3095,-76.3948
264270,Sirung,1947,3,-8.4972,124.1306
300130,Karymsky,1947,3,54.049,159.443
372070,Hekla,1947,2,63.983,-19.666
251010,Bam,1947,2,-3.613,144.818
267020,Karangetang,1947,2,2.781,125.407
390020,Erebus,1947,1,-77.53,167.17
211060,Etna,1947,1,37.748,14.999
273030,Mayon,1947,1,13.257,123.685
241040,Whakaari/White Island,1947,1,-37.52,177.18
341090,Popocatepetl,1947,11,19.023,-98.622
300240,Tolbachik,1947,11,55.832,160.326
342090,Fuego,1947,11,14.4748,-90.8806
357120,Villarrica,1947,11,-39.42,-71.93
233020,"Fournaise, Piton de la",1947,16,-21.244,55.708
282110,Asosan,1946,16,32.8849,131.085
262000,Krakatau,1946,16,-6.1009,105.4233
251020,Manam,1946,16,-4.08,145.037
311320,Akutan,1946,9,54.134,-165.986
283210,Kurikomayama,1946,9,38.961,140.788
241100,Ruapehu,1946,9,-39.28,175.57
290240,Sarychev Peak,1946,8,48.092,153.2
345040,Poas,1946,8,10.2,-84.233
263300,Semeru,1946,8,-8.108,112.922
283110,Asamayama,1946,8,36.406,138.523
300260,Klyuchevskoy,1946,7,56.056,160.642
345030,Miravalles,1946,7,10.748,-85.153
243110,Niuafo'ou,1946,6,-15.6,-175.63
300130,Karymsky,1946,6,54.049,159.443
311360,Shishaldin,1946,6,54.756,-163.97
262000,Krakatau,1946,5,-6.1009,105.4233
357110,Llaima,1946,5,-38.692,-71.729
233020,"Fournaise, Piton de la",1946,5,-21.244,55.708
344100,Masaya,1946,5,11.9844,-86.1688
282110,Asosan,1946,4,32.8849,131.085
290120,Kolokol Group,1946,4,46.042,150.083
300130,Karymsky,1946,3,54.049,159.443
241100,Ruapehu,1946,3,-39.28,175.57
344040,Telica,1946,3,12.606,-86.84
351060,Purace,1946,3,2.3095,-76.3948
284070,Myojinsho,1946,3,31.888,139.918
263300,Semeru,1946,2,-8.108,112.922
211060,Etna,1946,2,37.748,14.999
282080,Aira,1946,2,31.5772,130.6589
357070,"Chillan, Nevados de",1946,1,-36.868,-71.378
357010,Tupungatito,1946,1,-33.425,-69.797
282050,Kuchinoerabujima,1945,12,30.443,130.217
282110,Asosan,1945,12,32.8849,131.085
300140,Maly Semyachik,1945,12,54.135,159.674
300130,Karymsky,1945,12,54.049,159.443
300060,Mutnovsky,1945,11,52.449,158.196
300260,Klyuchevskoy,1945,11,56.056,160.642
263300,Semeru,1945,11,-8.108,112.922
211060,Etna,1945,16,37.748,14.999
311290,Okmok,1945,16,53.43,-168.13
233020,"Fournaise, Piton de la",1945,16,-21.244,55.708
357110,Llaima,1945,9,-38.692,-71.729
241100,Ruapehu,1945,9,-39.28,175.57
311120,Great Sitkin,1945,9,52.076,-176.13
300100,Avachinsky,1945,9,53.256,158.836
358060,Lautaro,1945,9,-49.019,-73.504
358020,Calbuco,1945,8,-41.33,-72.618
262000,Krakatau,1945,8,-6.1009,105.4233
255020,Bagana,1945,8,-6.137,155.196
264030,Rinjani,1944,8,-8.42,116.47
300260,Klyuchevskoy,1944,8,56.056,160.642
263200,Dieng Volcanic Complex,1944,8,-7.2,109.879
342090,Fuego,1944,7,14.4748,-90.8806
284120,Ioto,1944,7,24.751,141.289
283210,Kurikomayama,1944,7,38.961,140.788
300270,Sheveluch,1944,7,56.653,161.36
241100,Ruapehu,1944,6,-39.28,175.57
264220,Iliboleng,1944,5,-8.342,123.258
285040,Shikotsu,1944,4,42.688,141.38
263340,Raung,1944,4,-8.119,114.056
285030,Toya,1944,3,42.544,140.839
311240,Cleveland,1944,3,52.825,-169.944
263180,Slamet,1944,3,-7.242,109.208
233020,"Fournaise, Piton de la",1944,3,-21.244,55.708
344120,Concepcion,1944,3,11.538,-85.622
312070,Veniaminof,1944,3,56.17,-159.38
352010,Reventador,1944,3,-0.077,-77.656
283110,Asamayama,1944,3,36.406,138.523
251010,Bam,1944,3,-3.613,144.818
357090,Copahue,1944,3,-37.856,-71.183
357110,Llaima,1944,3,-38.692,-71.729
262000,Krakatau,1944,2,-6.1009,105.4233
282110,Asosan,1943,2,32.8849,131.085
344040,Telica,1943,2,12.606,-86.84
252140,Rabaul,1943,2,-4.2459,152.1937
263200,Dieng Volcanic Complex,1943,12,-7.2,109.879
360160,Kick 'em Jenny,1943,12,12.3,-61.64
263180,Slamet,1943,12,-7.242,109.208
243110,Niuafo'ou,1943,12,-15.6,-175.63
253040,Sessagara Hills,1943,11,-9.5542,149.1278
282110,Asosan,1943,11,32.8849,131.085
311290,Okmok,1943,11,53.43,-168.13
353060,"Azul, Cerro",1943,11,-0.92,-91.408
255020,Bagana,1943,11,-6.137,155.196
233020,"Fournaise, Piton de la",1943,16,-21.244,55.708
263340,Raung,1943,16,-8.119,114.056
351030,"Tolima, Nevado del",1943,16,4.658,-75.33
341060,Michoacan-Guanajuato,1943,16,19.85,-101.75
300130,Karymsky,1943,9,54.049,159.443
262000,Krakatau,1943,9,-6.1009,105.4233
261140,Marapi,1943,8,-0.38,100.474
251050,Long Island,1943,8,-5.358,147.12
273030,Mayon,1943,7,13.257,123.685
284140,Farallon de Pajaros,1943,7,20.546,144.893
285020,Hokkaido-Komagatake,1942,7,42.063,140.677
233020,"Fournaise, Piton de la",1942,6,-21.244,55.708
266100,Lokon-Empung,1942,5,1.3644,124.7992
263100,Papandayan,1942,5,-7.32,107.73
241100,Ruapehu,1942,5,-39.28,175.57
282080,Aira,1942,4,31.5772,130.6589
357110,Llaima,1942,4,-38.692,-71.729
257040,Ambrym,1942,4,-16.25,168.12
263250,Merapi,1942,4,-7.54,110.446
332020,Mauna Loa,1942,4,19.475,-155.608
283120,Kusatsu-Shiranesan,1942,4,36.618,138.528
262000,Krakatau,1942,4,-6.1009,105.4233
255060,Kavachi,1942,3,-8.991,157.979
341090,Popocatepetl,1942,3,19.023,-98.622
311110,Kanaga,1942,3,51.923,-177.168
263340,Raung,1941,3,-8.119,114.056
267020,Karangetang,1941,3,2.781,125.407
211060,Etna,1941,2,37.748,14.999
263300,Semeru,1941,2,-8.108,112.922
273030,Mayon,1941,2,13.257,123.685
264100,Ebulobo,1941,1,-8.817,121.191
357110,Llaima,1941,1,-38.692,-71.729
252140,Rabaul,1941,1,-4.2459,152.1937
282080,Aira,1941,1,31.5772,130.6589
284140,Farallon de Pajaros,1941,1,20.546,144.893
262000,Krakatau,1941,1,-6.1009,105.4233
252120,Ulawun,1941,1,-5.05,151.33
283120,Kusatsu-Shiranesan,1941,12,36.618,138.528
233020,"Fournaise, Piton de la",1941,11,-21.244,55.708
345040,Poas,1941,11,10.2,-84.233
282030,Suwanosejima,1940,11,29.638,129.714
300240,Tolbachik,1940,11,55.832,160.326
241080,Tongariro,1940,11,-39.157,175.632
284010,Izu-Oshima,1940,16,34.724,139.394
222120,"Lengai, Ol Doinyo",1940,16,-2.764,35.914
284040,Miyakejima,1940,16,34.094,139.526
261230,Dempo,1940,16,-4.016,103.121
267020,Karangetang,1940,16,2.781,125.407
344040,Telica,1940,9,12.606,-86.84
283190,Zaozan [Zaosan],1940,9,38.144,140.44
263310,Tengger Caldera,1940,9,-7.942,112.95
282080,Aira,1940,9,31.5772,130.6589
282110,Asosan,1940,8,32.8849,131.085
283120,Kusatsu-Shiranesan,1940,8,36.618,138.528
332020,Mauna Loa,1940,7,19.475,-155.608
241100,Ruapehu,1940,7,-39.28,175.57
263180,Slamet,1940,7,-7.242,109.208
267020,Karangetang,1940,7,2.781,125.407
252140,Rabaul,1940,7,-4.2459,152.1937
300240,Tolbachik,1940,6,55.832,160.326
300120,Zhupanovsky,1940,6,53.589,159.15
300130,Karymsky,1940,6,54.049,159.443
290120,Kolokol Group,1940,6,46.042,150.083
355100,Lascar,1940,6,-23.37,-67.73
352050,Cotopaxi,1940,6,-0.677,-78.436
353060,"Azul, Cerro",1940,5,-0.92,-91.408
221080,Erta Ale,1940,5,13.601,40.666
263340,Raung,1940,5,-8.119,114.056
261230,Dempo,1939,5,-4.016,103.121
264180,Lewotobi,1939,4,-8.542,122.775
263250,Merapi,1939,4,-7.54,110.446
263180,Slamet,1939,4,-7.242,109.208
261220,Kaba,1939,3,-3.522,102.615
257050,Lopevi,1939,3,-16.507,168.346
344040,Telica,1939,3,12.606,-86.84
312070,Veniaminof,1939,3,56.17,-159.38
282080,Aira,1939,3,31.5772,130.6589
263200,Dieng Volcanic Complex,1939,2,-7.2,109.879
272080,Biliran,1939,2,11.523,124.535
300240,Tolbachik,1939,2,55.832,160.326
284010,Izu-Oshima,1939,2,34.724,139.394
273030,Mayon,1939,2,13.257,123.685
212040,Santorini,1939,1,36.404,25.396
284090,Izu-Torishima,1939,1,30.484,140.303
241080,Tongariro,1939,1,-39.157,175.632
360160,Kick 'em Jenny,1939,1,12.3,-61.64
261230,Dempo,1939,16,-4.016,103.121
263310,Tengger Caldera,1939,9,-7.942,112.95
283070,Yakedake,1939,9,36.227,137.587
243100,Fonualei,1939,8,-18.023,-174.317
312070,Veniaminof,1939,7,56.17,-159.38
345060,Irazu,1939,7,9.979,-83.852
343100,San Miguel,1939,7,13.434,-88.269
300060,Mutnovsky,1939,7,52.449,158.196
255060,Kavachi,1939,7,-8.991,157.979
263040,Perbakti-Gagak,1939,7,-6.75,106.675
263180,Slamet,1939,6,-7.242,109.208
257050,Lopevi,1939,6,-16.507,168.346
352050,Cotopaxi,1939,6,-0.677,-78.436
343030,Izalco,1939,6,13.813,-89.633
283120,Kusatsu-Shiranesan,1939,5,36.618,138.528
284010,Izu-Oshima,1939,5,34.724,139.394
255020,Bagana,1939,5,-6.137,155.196
344040,Telica,1939,5,12.606,-86.84
284140,Farallon de Pajaros,1939,5,20.546,144.893
373060,Askja,1938,5,65.033,-16.783
233020,"Fournaise, Piton de la",1938,4,-21.244,55.708
357120,Villarrica,1938,4,-39.42,-71.93
357110,Llaima,1938,4,-38.692,-71.729
263040,Perbakti-Gagak,1938,4,-6.75,106.675
300060,Mutnovsky,1938,4,52.449,158.196
300130,Karymsky,1938,3,54.049,159.443
311310,Makushin,1938,3,53.891,-166.923
268060,Gamalama,1938,2,0.81,127.3322
357040,Planchon-Peteroa,1938,2,-35.223,-70.568
263340,Raung,1938,12,-8.119,114.056
290320,Nemo Peak,1938,12,49.57,154.808
284010,Izu-Oshima,1938,11,34.724,139.394
233020,"Fournaise, Piton de la",1938,11,-21.244,55.708
283120,Kusatsu-Shiranesan,1938,11,36.618,138.528
262000,Krakatau,1938,11,-6.1009,105.4233
273030,Mayon,1938,11,13.257,123.685
255020,Bagana,1938,11,-6.137,155.196
264140,Kelimutu,1938,16,-8.77,121.82
373010,Grimsvotn,1938,16,64.416,-17.316
264100,Ebulobo,1938,16,-8.817,121.191
283110,Asamayama,1938,16,36.406,138.523
282030,Suwanosejima,1938,16,29.638,129.714
300100,Avachinsky,1938,16,53.256,158.836
282080,Aira,1938,16,31.5772,130.6589
263050,Salak,1938,16,-6.716,106.733
223020,Nyamulagira,1938,9,-1.408,29.2
261170,Kerinci,1938,9,-1.697,101.264
266010,Colo,1938,8,-0.162,121.601
257040,Ambrym,1938,8,-16.25,168.12
251050,Long Island,1938,8,-5.358,147.12
282110,Asosan,1938,7,32.8849,131.085
353020,Wolf,1938,6,0.02,-91.35
311290,Okmok,1938,6,53.43,-168.13
311240,Cleveland,1938,6,52.825,-169.944
283120,Kusatsu-Shiranesan,1937,5,36.618,138.528
311210,Yunaska,1937,5,52.6394,-170.6317
344040,Telica,1937,5,12.606,-86.84
263340,Raung,1937,5,-8.119,114.056
261170,Kerinci,1937,5,-1.697,101.264
255020,Bagana,1937,5,-6.137,155.196
233020,"Fournaise, Piton de la",1937,4,-21.244,55.708
262000,Krakatau,1937,4,-6.1009,105.4233
284010,Izu-Oshima,1937,3,34.724,139.394
263170,Ciremai,1937,2,-6.895,108.408
357130,Mocho-Choshuenco,1937,1,-39.927,-72.027
354020,Ubinas,1937,1,-16.345,-70.8972
252140,Rabaul,1937,1,-4.2459,152.1937
282110,Asosan,1937,1,32.8849,131.085
300260,Klyuchevskoy,1937,1,56.056,160.642
357040,Planchon-Peteroa,1937,1,-35.223,-70.568
257040,Ambrym,1937,12,-16.25,168.12
285020,Hokkaido-Komagatake,1937,12,42.063,140.677
353010,Fernandina,1937,12,-0.37,-91.55
357110,Llaima,1937,11,-38.692,-71.729
282110,Asosan,1937,11,32.8849,131.085
241080,Tongariro,1937,11,-39.157,175.632
243040,Hunga Tonga-Hunga Ha'apai,1937,16,-20.5532,-175.3841
263180,Slamet,1937,16,-7.242,109.208
261050,"Telong, Bur ni",1937,16,4.769,96.821
357090,Copahue,1937,9,-37.856,-71.183
343030,Izalco,1937,9,13.813,-89.633
390080,Bristol Island,1936,9,-59.017,-26.533
261230,Dempo,1936,8,-4.016,103.121
285040,Shikotsu,1936,7,42.688,141.38
263350,Ijen,1936,7,-8.058,114.242
263040,Perbakti-Gagak,1936,6,-6.75,106.675
262000,Krakatau,1936,6,-6.1009,105.4233
233020,"Fournaise, Piton de la",1936,5,-21.244,55.708
251020,Manam,1936,5,-4.08,145.037
261170,Kerinci,1936,5,-1.697,101.264
352010,Reventador,1936,5,-0.077,-77.656
263340,Raung,1936,4,-8.119,114.056
300240,Tolbachik,1936,4,55.832,160.326
282110,Asosan,1936,4,32.8849,131.085
351110,Chiles-Cerro Negro,1936,3,0.817,-77.938
243050,Fonuafo'ou,1936,2,-20.32,-175.42
241100,Ruapehu,1936,2,-39.28,175.57
261170,Kerinci,1936,2,-1.697,101.264
285040,Shikotsu,1936,1,42.688,141.38
284140,Farallon de Pajaros,1936,1,20.546,144.893
351080,Galeras,1936,1,1.22,-77.37
282110,Asosan,1936,1,32.8849,131.085
312030,Pavlof,1936,1,55.417,-161.894
390080,Bristol Island,1935,12,-59.017,-26.533
243110,Niuafo'ou,1935,12,-15.6,-175.63
357120,Villarrica,1935,11,-39.42,-71.93
264180,Lewotobi,1935,16,-8.542,122.775
285090,Shiretoko-Iozan,1935,9,44.133,145.161
332020,Mauna Loa,1935,9,19.475,-155.608
282080,Aira,1935,8,31.5772,130.6589
283070,Yakedake,1935,8,36.227,137.587
257040,Ambrym,1935,7,-16.25,168.12
267020,Karangetang,1935,7,2.781,125.407
211060,Etna,1935,7,37.748,14.999
357070,"Chillan, Nevados de",1935,7,-36.868,-71.378
263310,Tengger Caldera,1935,7,-7.942,112.95
263040,Perbakti-Gagak,1935,7,-6.75,106.675
284010,Izu-Oshima,1935,6,34.724,139.394
300260,Klyuchevskoy,1935,6,56.056,160.642
313010,Augustine,1935,6,59.3626,-153.435
263050,Salak,1935,6,-6.716,106.733
353020,Wolf,1935,5,0.02,-91.35
344120,Concepcion,1935,5,11.538,-85.622
282110,Asosan,1935,5,32.8849,131.085
262000,Krakatau,1935,5,-6.1009,105.4233
233020,"Fournaise, Piton de la",1935,5,-21.244,55.708
284120,Ioto,1935,4,24.751,141.289
373010,Grimsvotn,1934,3,64.416,-17.316
241080,Tongariro,1934,3,-39.157,175.632
241100,Ruapehu,1934,3,-39.28,175.57
283110,Asamayama,1934,3,36.406,138.523
300130,Karymsky,1934,3,54.049,159.443
290380,Ebeko,1934,3,50.686,156.014
282060,Kikai,1934,3,30.793,130.305
332010,Kilauea,1934,2,19.421,-155.287
241100,Ruapehu,1934,2,-39.28,175.57
352090,Sangay,1934,2,-2.005,-78.341
282110,Asosan,1934,2,32.8849,131.085
284141,Ahyi,1934,2,20.42,145.03
264270,Sirung,1934,2,-8.4972,124.1306
241080,Tongariro,1934,1,-39.157,175.632
283110,Asamayama,1934,1,36.406,138.523
284070,Myojinsho,1934,12,31.888,139.918
284010,Izu-Oshima,1934,11,34.724,139.394
373010,Grimsvotn,1934,11,64.416,-17.316
357150,Puyehue-Cordon Caulle,1934,16,-40.59,-72.117
211040,Stromboli,1934,16,38.789,15.213
261230,Dempo,1934,16,-4.016,103.121
357070,"Chillan, Nevados de",1934,9,-36.868,-71.378
283110,Asamayama,1934,8,36.406,138.523
211060,Etna,1934,8,37.748,14.999
344040,Telica,1934,7,12.606,-86.84
283120,Kusatsu-Shiranesan,1934,7,36.618,138.528
273010,Bulusan,1933,6,12.769,124.056
282050,Kuchinoerabujima,1933,6,30.443,130.217
332020,Mauna Loa,1933,6,19.475,-155.608
285040,Shikotsu,1933,6,42.688,141.38
343030,Izalco,1933,5,13.813,-89.633
373010,Grimsvotn,1933,5,64.416,-17.316
263340,Raung,1933,5,-8.119,114.056
290390,Alaid,1933,5,50.861,155.565
268060,Gamalama,1933,5,0.81,127.3322
311120,Great Sitkin,1933,5,52.076,-176.13
284010,Izu-Oshima,1933,4,34.724,139.394
355100,Lascar,1933,4,-23.37,-67.73
263250,Merapi,1933,4,-7.54,110.446
300130,Karymsky,1933,3,54.049,159.443
268010,Dukono,1933,3,1.6992,127.8783
261270,Suoh,1933,3,-5.25,104.27
252080,Witori,1933,3,-5.5745,150.5161
275001,Hainan Volcanic Field,1933,3,19.905,110.229
233020,"Fournaise, Piton de la",1933,3,-21.244,55.708
263180,Slamet,1933,3,-7.242,109.208
241040,Whakaari/White Island,1933,2,-37.52,177.18
243050,Fonuafo'ou,1933,2,-20.32,-175.42
345060,Irazu,1933,2,9.979,-83.852
358060,Lautaro,1933,2,-49.019,-73.504
341090,Popocatepetl,1933,2,19.023,-98.622
283110,Asamayama,1933,1,36.406,138.523
290300,Kharimkotan,1933,1,49.12,154.508
357120,Villarrica,1933,1,-39.42,-71.93
357100,Lonquimay,1933,12,-38.379,-71.586
357060,"Azul, Cerro",1933,12,-35.653,-70.761
353020,Wolf,1933,11,0.02,-91.35
251050,Long Island,1933,11,-5.358,147.12
257050,Lopevi,1933,11,-16.507,168.346
357110,Llaima,1932,11,-38.692,-71.729
243010,Unnamed,1932,11,-21.338,-175.65
272020,Kanlaon,1932,11,10.4096,123.13
233020,"Fournaise, Piton de la",1932,16,-21.244,55.708
262000,Krakatau,1932,16,-6.1009,105.4233
268060,Gamalama,1932,9,0.81,127.3322
263250,Merapi,1932,9,-7.54,110.446
351080,Galeras,1932,8,1.22,-77.37
283120,Kusatsu-Shiranesan,1932,8,36.618,138.528
284140,Farallon de Pajaros,1932,8,20.546,144.893
283230,Akita-Komagatake,1932,7,39.761,140.799
263180,Slamet,1932,7,-7.242,109.208
357050,Descabezado Grande,1932,7,-35.58,-70.75
211040,Stromboli,1932,7,38.789,15.213
282110,Asosan,1932,7,32.8849,131.085
300130,Karymsky,1932,6,54.049,159.443
264180,Lewotobi,1932,5,-8.542,122.775
265060,Nila,1932,5,-6.73,129.5
357110,Llaima,1932,4,-38.692,-71.729
283070,Yakedake,1932,4,36.227,137.587
311360,Shishaldin,1932,4,54.756,-163.97
300260,Klyuchevskoy,1932,3,56.056,160.642
342090,Fuego,1932,3,14.4748,-90.8806
311240,Cleveland,1932,3,52.825,-169.944
290050,Etorofu-Atosanupuri [Atosanupuri],1932,2,44.808,147.131
353060,"Azul, Cerro",1932,2,-0.92,-91.408
345040,Poas,1932,1,10.2,-84.233
358020,Calbuco,1932,12,-41.33,-72.618
261140,Marapi,1932,12,-0.38,100.474
251020,Manam,1932,12,-4.08,145.037
332010,Kilauea,1931,11,19.421,-155.287
311300,Bogoslof,1931,16,53.93,-168.03
285040,Shikotsu,1931,16,42.688,141.38
262000,Krakatau,1931,9,-6.1009,105.4233
290300,Kharimkotan,1931,8,49.12,154.508
300260,Klyuchevskoy,1931,7,56.056,160.642
211060,Etna,1931,7,37.748,14.999
285050,Tokachidake,1931,7,43.418,142.686
312090,Aniakchak,1931,6,56.88,-158.17
311320,Akutan,1931,6,54.134,-165.986
300070,Gorely,1931,5,52.5549,158.0358
282050,Kuchinoerabujima,1931,5,30.443,130.217
283110,Asamayama,1931,5,36.406,138.523
343030,Izalco,1931,5,13.813,-89.633
283070,Yakedake,1931,4,36.227,137.587
300260,Klyuchevskoy,1931,4,56.056,160.642
311290,Okmok,1931,3,53.43,-168.13
300240,Tolbachik,1931,3,55.832,160.326
343100,San Miguel,1931,3,13.434,-88.269
241080,Tongariro,1931,3,-39.157,175.632
233020,"Fournaise, Piton de la",1931,2,-21.244,55.708
352050,Cotopaxi,1931,1,-0.677,-78.436
267040,Awu,1930,12,3.689,125.447
263250,Merapi,1930,12,-7.54,110.446
332010,Kilauea,1930,12,19.421,-155.287
211060,Etna,1930,12,37.748,14.999
267020,Karangetang,1930,12,2.781,125.407
345060,Irazu,1930,12,9.979,-83.852
282110,Asosan,1930,11,32.8849,131.085
300070,Gorely,1930,11,52.5549,158.0358
266100,Lokon-Empung,1930,16,1.3644,124.7992
357110,Llaima,1930,16,-38.692,-71.729
312070,Veniaminof,1930,9,56.17,-159.38
263310,Tengger Caldera,1930,9,-7.942,112.95
233020,"Fournaise, Piton de la",1930,9,-21.244,55.708
283110,Asamayama,1930,9,36.406,138.523
261140,Marapi,1930,9,-0.38,100.474
263180,Slamet,1930,9,-7.242,109.208
343030,Izalco,1930,8,13.813,-89.633
241040,Whakaari/White Island,1930,8,-37.52,177.18
283070,Yakedake,1930,7,36.227,137.587
290240,Sarychev Peak,1930,7,48.092,153.2
267020,Karangetang,1930,7,2.781,125.407
300270,Sheveluch,1930,7,56.653,161.36
343100,San Miguel,1930,7,13.434,-88.269
334120,Southern EPR at 17.5°S (Segment K),1930,6,-17.436,-113.206
284120,Ioto,1930,6,24.751,141.289
284110,Kita-Ioto,1930,4,25.424,141.284
357120,Villarrica,1929,3,-39.42,-71.93
233020,"Fournaise, Piton de la",1929,3,-21.244,55.708
357110,Llaima,1929,2,-38.692,-71.729
311260,Kagamil,1929,2,52.974,-169.72
283110,Asamayama,1929,2,36.406,138.523
360120,Pelee,1929,2,14.809,-61.166
300070,Gorely,1929,1,52.5549,158.0358
283260,Akita-Yakeyama,1929,1,39.964,140.757
263310,Tengger Caldera,1929,1,-7.942,112.95
211060,Etna,1929,12,37.748,14.999
343100,San Miguel,1929,12,13.434,-88.269
344120,Concepcion,1929,11,11.538,-85.622
332010,Kilauea,1929,11,19.421,-155.287
243110,Niuafo'ou,1929,11,-15.6,-175.63
257040,Ambrym,1929,11,-16.25,168.12
261140,Marapi,1929,11,-0.38,100.474
285020,Hokkaido-Komagatake,1929,16,42.063,140.677
263180,Slamet,1929,16,-7.242,109.208
300260,Klyuchevskoy,1929,16,56.056,160.642
311360,Shishaldin,1929,9,54.756,-163.97
263090,Tangkuban Parahu,1929,9,-6.77,107.6
311320,Akutan,1929,9,54.134,-165.986
263340,Raung,1929,9,-8.119,114.056
283070,Yakedake,1929,7,36.227,137.587
311070,Gareloi,1929,7,51.79,-178.794
312030,Pavlof,1929,6,55.417,-161.894
332010,Kilauea,1929,6,19.421,-155.287
344070,"Negro, Cerro",1929,6,12.506,-86.702
300060,Mutnovsky,1929,5,52.449,158.196
283110,Asamayama,1929,4,36.406,138.523
357150,Puyehue-Cordon Caulle,1929,4,-40.59,-72.117
358020,Calbuco,1929,4,-41.33,-72.618
373050,Kverkfjoll,1929,4,64.653,-16.647
344040,Telica,1929,3,12.606,-86.84
352010,Reventador,1929,3,-0.077,-77.656
345040,Poas,1929,3,10.2,-84.233
263040,Perbakti-Gagak,1929,2,-6.75,106.675
300130,Karymsky,1929,1,54.049,159.443
300120,Zhupanovsky,1929,1,53.589,159.15
221122,Manda-Inakir,1928,1,12.38,42.2
263310,Tengger Caldera,1928,1,-7.942,112.95
284140,Farallon de Pajaros,1928,1,20.546,144.893
285050,Tokachidake,1928,12,43.418,142.686
357070,"Chillan, Nevados de",1928,12,-36.868,-71.378
263340,Raung,1928,12,-8.119,114.056
285040,Shikotsu,1928,12,42.688,141.38
282110,Asosan,1928,11,32.8849,131.085
241040,Whakaari/White Island,1928,11,-37.52,177.18
284010,Izu-Oshima,1928,16,34.724,139.394
264150,Paluweh,1928,16,-8.32,121.708
311360,Shishaldin,1928,9,54.756,-163.97
211060,Etna,1928,9,37.748,14.999
241080,Tongariro,1928,9,-39.157,175.632
273010,Bulusan,1928,9,12.769,124.056
263200,Dieng Volcanic Complex,1928,8,-7.2,109.879
285020,Hokkaido-Komagatake,1928,8,42.063,140.677
263180,Slamet,1928,7,-7.242,109.208
263310,Tengger Caldera,1928,7,-7.942,112.95
241080,Tongariro,1928,7,-39.157,175.632
345060,Irazu,1928,7,9.979,-83.852
290240,Sarychev Peak,1928,7,48.092,153.2
300270,Sheveluch,1928,7,56.653,161.36
300060,Mutnovsky,1928,6,52.449,158.196
344120,Concepcion,1928,6,11.538,-85.622
212040,Santorini,1928,6,36.404,25.396
285040,Shikotsu,1928,5,42.688,141.38
273030,Mayon,1928,5,13.257,123.685
285050,Tokachidake,1928,5,43.418,142.686
264250,Iliwerung,1928,4,-8.532,123.573
344040,Telica,1928,4,12.606,-86.84
353070,Pinta,1928,3,0.58,-90.75
233010,Karthala,1928,3,-11.75,43.38
262000,Krakatau,1927,2,-6.1009,105.4233
283120,Kusatsu-Shiranesan,1927,1,36.618,138.528
283070,Yakedake,1927,1,36.227,137.587
353010,Fernandina,1927,12,-0.37,-91.55
300230,Kizimen,1927,12,55.131,160.32
357110,Llaima,1927,11,-38.692,-71.729
243050,Fonuafo'ou,1927,16,-20.32,-175.42
263340,Raung,1927,9,-8.119,114.056
344040,Telica,1927,9,12.606,-86.84
332010,Kilauea,1927,8,19.421,-155.287
252120,Ulawun,1927,8,-5.05,151.33
357070,"Chillan, Nevados de",1927,8,-36.868,-71.378
272020,Kanlaon,1927,7,10.4096,123.13
223030,Nyiragongo,1927,7,-1.52,29.25
283110,Asamayama,1927,6,36.406,138.523
263180,Slamet,1927,6,-7.242,109.208
261140,Marapi,1927,6,-0.38,100.474
283070,Yakedake,1927,5,36.227,137.587
300060,Mutnovsky,1927,5,52.449,158.196
290240,Sarychev Peak,1927,4,48.092,153.2
311360,Shishaldin,1927,3,54.756,-163.97
311320,Akutan,1927,2,54.134,-165.986
264220,Iliboleng,1927,2,-8.342,123.258
264050,Sangeang Api,1927,1,-8.2,119.07
357120,Villarrica,1927,1,-39.42,-71.93
351060,Purace,1927,1,2.3095,-76.3948
343030,Izalco,1927,1,13.813,-89.633
311310,Makushin,1926,1,53.891,-166.923
300090,Koryaksky,1926,1,53.321,158.712
241080,Tongariro,1926,1,-39.157,175.632
351100,Cumbal,1926,12,0.95,-77.87
263180,Slamet,1926,12,-7.242,109.208
241050,Okataina,1926,12,-38.1569,176.5069
285040,Shikotsu,1926,11,42.688,141.38
267020,Karangetang,1926,11,2.781,125.407
282110,Asosan,1926,16,32.8849,131.085
233020,"Fournaise, Piton de la",1926,9,-21.244,55.708
264010,Batur,1926,9,-8.2403,115.3775
351060,Purace,1926,8,2.3095,-76.3948
342080,Acatenango,1926,8,14.501,-90.876
373060,Askja,1926,7,65.033,-16.783
311300,Bogoslof,1926,7,53.93,-168.03
371022,Eldey,1926,7,63.733,-23
268040,Gamkonora,1926,6,1.38,127.53
261230,Dempo,1926,6,-4.016,103.121
241080,Tongariro,1926,5,-39.157,175.632
332020,Mauna Loa,1926,4,19.475,-155.608
300100,Avachinsky,1926,4,53.256,158.836
300260,Klyuchevskoy,1926,4,56.056,160.642
263090,Tangkuban Parahu,1926,4,-6.77,107.6
251020,Manam,1926,3,-4.08,145.037
241040,Whakaari/White Island,1926,3,-37.52,177.18
352010,Reventador,1926,2,-0.077,-77.656
211060,Etna,1926,2,37.748,14.999
222120,"Lengai, Ol Doinyo",1926,1,-2.764,35.914
221041,Dallol,1926,1,14.242,40.3
353010,Fernandina,1926,1,-0.37,-91.55
352050,Cotopaxi,1926,12,-0.677,-78.436
341040,Colima,1926,12,19.514,-103.62
233020,"Fournaise, Piton de la",1925,11,-21.244,55.708
343030,Izalco,1925,11,13.813,-89.633
285050,Tokachidake,1925,16,43.418,142.686
241080,Tongariro,1925,9,-39.157,175.632
351060,Purace,1925,9,2.3095,-76.3948
212040,Santorini,1925,9,36.404,25.396
300130,Karymsky,1925,9,54.049,159.443
282030,Suwanosejima,1925,8,29.638,129.714
353020,Wolf,1925,8,0.02,-91.35
300260,Klyuchevskoy,1925,7,56.056,160.642
344100,Masaya,1925,7,11.9844,-86.1688
261140,Marapi,1925,7,-0.38,100.474
284170,Pagan,1925,7,18.13,145.8
241100,Ruapehu,1925,7,-39.28,175.57
283120,Kusatsu-Shiranesan,1925,6,36.618,138.528
282110,Asosan,1925,5,32.8849,131.085
264010,Batur,1925,5,-8.2403,115.3775
264220,Iliboleng,1925,5,-8.342,123.258
251020,Manam,1925,5,-4.08,145.037
284140,Farallon de Pajaros,1925,5,20.546,144.893
341090,Popocatepetl,1925,5,19.023,-98.622
357010,Tupungatito,1925,5,-33.425,-69.797
345040,Poas,1925,4,10.2,-84.233
224010,Cameroon,1925,4,4.203,9.17
300120,Zhupanovsky,1925,4,53.589,159.15
311360,Shishaldin,1925,4,54.756,-163.97
342080,Acatenango,1924,3,14.501,-90.876
283070,Yakedake,1924,3,36.227,137.587
264100,Ebulobo,1924,3,-8.817,121.191
282010,Submarine Volcano NNE of Iriomotejima,1924,2,24.57,123.93
241080,Tongariro,1924,2,-39.157,175.632
351080,Galeras,1924,1,1.22,-77.37
263250,Merapi,1924,1,-7.54,110.446
283110,Asamayama,1924,1,36.406,138.523
233020,"Fournaise, Piton de la",1924,1,-21.244,55.708
285020,Hokkaido-Komagatake,1924,12,42.063,140.677
241080,Tongariro,1924,11,-39.157,175.632
233020,"Fournaise, Piton de la",1924,11,-21.244,55.708
332010,Kilauea,1924,11,19.421,-155.287
267020,Karangetang,1924,16,2.781,125.407
261150,Tandikat-Singgalang,1924,9,-0.39,100.331
290120,Kolokol Group,1924,9,46.042,150.083
264010,Batur,1924,7,-8.2403,115.3775
343030,Izalco,1924,7,13.813,-89.633
345060,Irazu,1924,7,9.979,-83.852
290240,Sarychev Peak,1924,6,48.092,153.2
290250,Raikoke,1924,6,48.292,153.25
263340,Raung,1924,5,-8.119,114.056
312030,Pavlof,1924,5,55.417,-161.894
241080,Tongariro,1924,4,-39.157,175.632
241040,Whakaari/White Island,1924,4,-37.52,177.18
241050,Okataina,1924,4,-38.1569,176.5069
251010,Bam,1924,3,-3.613,144.818
274030,Babuyan Claro,1924,3,19.524,121.95
351060,Purace,1924,2,2.3095,-76.3948
373060,Askja,1924,2,65.033,-16.783
290200,Ketoi,1924,1,47.35,152.475
351080,Galeras,1923,1,1.22,-77.37
341090,Popocatepetl,1923,1,19.023,-98.622
266030,Soputan,1923,1,1.112,124.737
344070,"Negro, Cerro",1923,1,12.506,-86.702
261170,Kerinci,1923,1,-1.697,101.264
300260,Klyuchevskoy,1923,1,56.056,160.642
243030,Unnamed,1923,1,-20.852,-175.55
282090,Kirishimayama,1923,1,31.934,130.862
283070,Yakedake,1923,12,36.227,137.587
263180,Slamet,1923,12,-7.242,109.208
263040,Perbakti-Gagak,1923,16,-6.75,106.675
261230,Dempo,1923,9,-4.016,103.121
268060,Gamalama,1923,8,0.81,127.3322
263100,Papandayan,1923,8,-7.32,107.73
275060,"Cendres, Ile des",1923,8,10.158,109.014
285020,Hokkaido-Komagatake,1923,7,42.063,140.677
300040,Zheltovsky,1923,7,51.577,157.328
284170,Pagan,1923,7,18.13,145.8
300130,Karymsky,1923,5,54.049,159.443
300200,Kronotsky,1923,5,54.753,160.533
285040,Shikotsu,1923,4,42.688,141.38
290240,Sarychev Peak,1923,4,48.092,153.2
373060,Askja,1923,4,65.033,-16.783
282110,Asosan,1923,4,32.8849,131.085
290180,Zavaritzki Caldera,1923,4,46.9178,151.9518
264010,Batur,1923,4,-8.2403,115.3775
257070,Kuwae,1923,2,-16.8304,168.5227
224004,Santa Isabel,1923,2,3.588,8.762
312030,Pavlof,1922,2,55.417,-161.894
284010,Izu-Oshima,1922,2,34.724,139.394
373060,Askja,1922,1,65.033,-16.783
300200,Kronotsky,1922,1,54.753,160.533
357120,Villarrica,1922,1,-39.42,-71.93
357110,Llaima,1922,12,-38.692,-71.729
311360,Shishaldin,1922,12,54.756,-163.97
345033,Arenal,1922,12,10.463,-84.703
373010,Grimsvotn,1922,12,64.416,-17.316
264010,Batur,1922,12,-8.2403,115.3775
284120,Ioto,1922,9,24.751,141.289
257050,Lopevi,1922,9,-16.507,168.346
342030,Santa Maria,1922,8,14.757,-91.552
267040,Awu,1922,7,3.689,125.447
285020,Hokkaido-Komagatake,1922,7,42.063,140.677
267020,Karangetang,1922,7,2.781,125.407
300260,Klyuchevskoy,1922,6,56.056,160.642
345020,Rincon de la Vieja,1922,6,10.83,-85.324
283070,Yakedake,1922,6,36.227,137.587
263250,Merapi,1922,6,-7.54,110.446
263310,Tengger Caldera,1922,5,-7.942,112.95
224010,Cameroon,1922,5,4.203,9.17
352050,Cotopaxi,1922,4,-0.677,-78.436
251020,Manam,1922,3,-4.08,145.037
241040,Whakaari/White Island,1922,3,-37.52,177.18
311070,Gareloi,1922,2,51.79,-178.794
222030,"Barrier, The",1921,2,2.32,36.57
357150,Puyehue-Cordon Caulle,1921,2,-40.59,-72.117
282030,Suwanosejima,1921,2,29.638,129.714
344120,Concepcion,1921,1,11.538,-85.622
233020,"Fournaise, Piton de la",1921,1,-21.244,55.708
241100,Ruapehu,1921,1,-39.28,175.57
265070,Serua,1921,12,-6.312,130.017
300130,Karymsky,1921,12,54.049,159.443
285040,Shikotsu,1921,11,42.688,141.38
263310,Tengger Caldera,1921,11,-7.942,112.95
261180,Sumbing,1921,11,-2.414,101.728
261170,Kerinci,1921,11,-1.697,101.264
261230,Dempo,1921,11,-4.016,103.121
267020,Karangetang,1921,16,2.781,125.407
373060,Askja,1921,16,65.033,-16.783
263340,Raung,1921,9,-8.119,114.056
267040,Awu,1921,9,3.689,125.447
222120,"Lengai, Ol Doinyo",1921,8,-2.764,35.914
264010,Batur,1921,8,-8.2403,115.3775
264180,Lewotobi,1921,7,-8.542,122.775
283070,Yakedake,1921,7,36.227,137.587
223020,Nyamulagira,1921,6,-1.408,29.2
357120,Villarrica,1920,6,-39.42,-71.93
283110,Asamayama,1920,6,36.406,138.523
263280,Kelud,1920,6,-7.935,112.314
251020,Manam,1920,5,-4.08,145.037
343030,Izalco,1920,4,13.813,-89.633
343100,San Miguel,1920,4,13.434,-88.269
263250,Merapi,1920,4,-7.54,110.446
285040,Shikotsu,1920,4,42.688,141.38
233020,"Fournaise, Piton de la",1920,3,-21.244,55.708
257060,East Epi,1920,3,-16.6797,168.3893
252080,Witori,1920,3,-5.5745,150.5161
264230,Lewotolok,1920,3,-8.274,123.508
283070,Yakedake,1920,2,36.227,137.587
282110,Asosan,1920,1,32.8849,131.085
223030,Nyiragongo,1920,1,-1.52,29.25
223020,Nyamulagira,1920,1,-1.408,29.2
358030,Huequi,1920,12,-42.377,-72.578
343100,San Miguel,1919,12,13.434,-88.269
261050,"Telong, Bur ni",1919,12,4.769,96.821
283070,Yakedake,1919,11,36.227,137.587
265070,Serua,1919,11,-6.312,130.017
332020,Mauna Loa,1919,11,19.475,-155.608
251020,Manam,1919,11,-4.08,145.037
283240,Iwatesan,1919,11,39.853,141.001
344070,"Negro, Cerro",1919,11,12.506,-86.702
285020,Hokkaido-Komagatake,1919,16,42.063,140.677
252120,Ulawun,1919,16,-5.05,151.33
263280,Kelud,1919,9,-7.935,112.314
284010,Izu-Oshima,1919,9,34.724,139.394
285040,Shikotsu,1919,8,42.688,141.38
274030,Babuyan Claro,1919,8,19.524,121.95
282110,Asosan,1919,7,32.8849,131.085
211060,Etna,1919,7,37.748,14.999
283110,Asamayama,1919,7,36.406,138.523
261140,Marapi,1919,7,-0.38,100.474
341090,Popocatepetl,1919,7,19.023,-98.622
344100,Masaya,1919,7,11.9844,-86.1688
357150,Puyehue-Cordon Caulle,1919,6,-40.59,-72.117
373060,Askja,1919,6,65.033,-16.783
373010,Grimsvotn,1919,6,64.416,-17.316
263050,Salak,1919,6,-6.716,106.733
372030,Katla,1918,5,63.633,-19.083
273010,Bulusan,1918,5,12.769,124.056
251010,Bam,1918,5,-3.613,144.818
261140,Marapi,1918,4,-0.38,100.474
233010,Karthala,1918,4,-11.75,43.38
268060,Gamalama,1918,3,0.81,127.3322
252120,Ulawun,1918,3,-5.05,151.33
267030,Banua Wuhu,1918,3,3.1463,125.4422
263140,Galunggung,1918,3,-7.25,108.058
241100,Ruapehu,1918,3,-39.28,175.57
285040,Shikotsu,1918,3,42.688,141.38
274030,Babuyan Claro,1918,2,19.524,121.95
261140,Marapi,1918,2,-0.38,100.474
211060,Etna,1918,2,37.748,14.999
282110,Asosan,1918,1,32.8849,131.085
344100,Masaya,1918,1,11.9844,-86.1688
344120,Concepcion,1918,12,11.538,-85.622
263250,Merapi,1918,12,-7.54,110.446
261030,Peuet Sague,1918,11,4.903,96.289
241050,Okataina,1918,11,-38.1569,176.5069
283070,Yakedake,1918,11,36.227,137.587
223030,Nyiragongo,1918,16,-1.52,29.25
266030,Soputan,1917,9,1.112,124.737
268040,Gamkonora,1917,9,1.38,127.53
241080,Tongariro,1917,9,-39.157,175.632
312030,Pavlof,1917,8,55.417,-161.894
345060,Irazu,1917,8,9.979,-83.852
300060,Mutnovsky,1917,8,52.449,158.196
211060,Etna,1917,7,37.748,14.999
261140,Marapi,1917,7,-0.38,100.474
343050,San Salvador,1917,7,13.734,-89.294
261120,Sorikmarapi,1917,6,0.686,99.539
353010,Fernandina,1917,6,-0.37,-91.55
283110,Asamayama,1917,6,36.406,138.523
285040,Shikotsu,1917,5,42.688,141.38
233020,"Fournaise, Piton de la",1917,5,-21.244,55.708
284160,Agrigan,1917,5,18.77,145.67
358020,Calbuco,1917,5,-41.33,-72.618
241050,Okataina,1917,3,-38.1569,176.5069
263350,Ijen,1917,2,-8.058,114.242
263340,Raung,1917,1,-8.119,114.056
357110,Llaima,1917,1,-38.692,-71.729
357030,Tinguiririca,1917,1,-34.814,-70.352
222030,"Barrier, The",1917,12,2.32,36.57
251020,Manam,1917,12,-4.08,145.037
283070,Yakedake,1917,12,36.227,137.587
274030,Babuyan Claro,1917,12,19.524,121.95
284170,Pagan,1917,11,18.13,145.8
222120,"Lengai, Ol Doinyo",1916,11,-2.764,35.914
300060,Mutnovsky,1916,16,52.449,158.196
263340,Raung,1916,16,-8.119,114.056
271060,Ragang,1916,9,7.691,124.507
300060,Mutnovsky,1916,9,52.449,158.196
284080,Sumisujima,1916,8,31.44,140.051
332020,Mauna Loa,1916,8,19.475,-155.608
283110,Asamayama,1916,8,36.406,138.523
261140,Marapi,1916,7,-0.38,100.474
282110,Asosan,1916,7,32.8849,131.085
283070,Yakedake,1916,6,36.227,137.587
352080,Tungurahua,1916,5,-1.467,-78.442
273010,Bulusan,1916,5,12.769,124.056
357060,"Azul, Cerro",1916,5,-35.653,-70.761
345040,Poas,1916,5,10.2,-84.233
351020,"Ruiz, Nevado del",1916,4,4.892,-75.324
261140,Marapi,1915,4,-0.38,100.474
241050,Okataina,1915,4,-38.1569,176.5069
264030,Rinjani,1915,3,-8.42,116.47
263310,Tengger Caldera,1915,3,-7.942,112.95
257040,Ambrym,1915,3,-16.25,168.12
284010,Izu-Oshima,1915,3,34.724,139.394
390020,Erebus,1915,3,-77.53,167.17
233020,"Fournaise, Piton de la",1915,3,-21.244,55.708
283070,Yakedake,1915,3,36.227,137.587
283110,Asamayama,1915,2,36.406,138.523
263340,Raung,1915,2,-8.119,114.056
252120,Ulawun,1915,1,-5.05,151.33
266030,Soputan,1915,12,1.112,124.737
263250,Merapi,1915,12,-7.54,110.446
390020,Erebus,1915,12,-77.53,167.17
241050,Okataina,1915,12,-38.1569,176.5069
283070,Yakedake,1915,11,36.227,137.587
284070,Myojinsho,1915,11,31.888,139.918
300260,Klyuchevskoy,1915,16,56.056,160.642
300130,Karymsky,1915,16,54.049,159.443
263300,Semeru,1915,16,-8.108,112.922
334140,Southern EPR at 18.5°S (Segment I),1915,9,-18.53,-113.42
221112,Alayta,1915,8,12.888,40.573
357120,Villarrica,1915,8,-39.42,-71.93
332020,Mauna Loa,1914,7,19.475,-155.608
283110,Asamayama,1914,7,36.406,138.523
282090,Kirishimayama,1914,7,31.934,130.862
344070,"Negro, Cerro",1914,7,12.506,-86.702
345040,Poas,1914,7,10.2,-84.233
357060,"Azul, Cerro",1914,7,-35.653,-70.761
241080,Tongariro,1914,7,-39.157,175.632
222120,"Lengai, Ol Doinyo",1914,7,-2.764,35.914
312030,Pavlof,1914,6,55.417,-161.894
357110,Llaima,1914,6,-38.692,-71.729
261140,Marapi,1914,5,-0.38,100.474
264180,Lewotobi,1914,5,-8.542,122.775
290161,Milna,1914,5,46.815,151.786
261150,Tandikat-Singgalang,1914,4,-0.39,100.331
345040,Poas,1914,4,10.2,-84.233
323080,Lassen Volcanic Center,1914,3,40.492,-121.508
267010,Ruang,1914,3,2.3058,125.3671
284010,Izu-Oshima,1914,2,34.724,139.394
357150,Puyehue-Cordon Caulle,1914,1,-40.59,-72.117
241050,Okataina,1914,1,-38.1569,176.5069
282110,Asosan,1914,12,32.8849,131.085
284130,Fukutoku-Oka-no-Ba,1914,11,24.285,141.481
282080,Aira,1914,11,31.5772,130.6589
282050,Kuchinoerabujima,1914,11,30.443,130.217
282040,Nakanoshima,1914,16,29.859,129.857
357070,"Chillan, Nevados de",1914,16,-36.868,-71.378
311080,Tanaga,1914,16,51.885,-178.146
211060,Etna,1913,16,37.748,14.999
282090,Kirishimayama,1913,16,31.934,130.862
257040,Ambrym,1913,16,-16.25,168.12
283070,Yakedake,1913,9,36.227,137.587
312160,Trident,1913,8,58.236,-155.1
344100,Masaya,1913,8,11.9844,-86.1688
233020,"Fournaise, Piton de la",1913,7,-21.244,55.708
211020,Vesuvius,1913,7,40.821,14.426
263300,Semeru,1913,7,-8.108,112.922
261140,Marapi,1913,6,-0.38,100.474
263340,Raung,1913,5,-8.119,114.056
241080,Tongariro,1913,4,-39.157,175.632
372070,Hekla,1913,4,63.983,-19.666
266030,Soputan,1913,4,1.112,124.737
267040,Awu,1913,4,3.689,125.447
241050,Okataina,1913,4,-38.1569,176.5069
341040,Colima,1913,3,19.514,-103.62
241080,Tongariro,1913,3,-39.157,175.632
300260,Klyuchevskoy,1913,3,56.056,160.642
251010,Bam,1913,3,-3.613,144.818
355020,Guallatiri,1913,3,-18.42,-69.092
355030,Isluga,1913,3,-19.15,-68.83
222120,"Lengai, Ol Doinyo",1913,3,-2.764,35.914
390020,Erebus,1912,1,-77.53,167.17
223020,Nyamulagira,1912,1,-1.408,29.2
243110,Niuafo'ou,1912,12,-15.6,-175.63
263300,Semeru,1912,11,-8.108,112.922
211060,Etna,1912,11,37.748,14.999
345020,Rincon de la Vieja,1912,11,10.83,-85.324
312170,Katmai,1912,16,58.279,-154.9533
312180,Novarupta,1912,9,58.2655,-155.1588
243040,Hunga Tonga-Hunga Ha'apai,1912,8,-20.5532,-175.3841
241050,Okataina,1912,8,-38.1569,176.5069
264050,Sangeang Api,1912,7,-8.2,119.07
284010,Izu-Oshima,1912,7,34.724,139.394
283070,Yakedake,1912,6,36.227,137.587
352010,Reventador,1912,6,-0.077,-77.656
357060,"Azul, Cerro",1912,6,-35.653,-70.761
343030,Izalco,1912,5,13.813,-89.633
300130,Karymsky,1912,5,54.049,159.443
357021,Maipo,1912,4,-34.164,-69.832
357110,Llaima,1912,4,-38.692,-71.729
390030,Deception Island,1912,4,-62.9567,-60.6367
284140,Farallon de Pajaros,1912,4,20.546,144.893
257040,Ambrym,1912,3,-16.25,168.12
353050,"Negra, Sierra",1911,3,-0.83,-91.17
263300,Semeru,1911,3,-8.108,112.922
390100,Candlemas Island,1911,3,-57.08,-26.67
261140,Marapi,1911,2,-0.38,100.474
266030,Soputan,1911,2,1.112,124.737
300260,Klyuchevskoy,1911,2,56.056,160.642
390020,Erebus,1911,2,-77.53,167.17
268060,Gamalama,1911,1,0.81,127.3322
268030,Ibu,1911,1,1.488,127.63
243030,Unnamed,1911,12,-20.852,-175.55
211060,Etna,1911,11,37.748,14.999
223030,Nyiragongo,1911,11,-1.52,29.25
283070,Yakedake,1911,11,36.227,137.587
315020,Wrangell,1911,16,62.006,-144.017
390020,Erebus,1911,16,-77.53,167.17
382110,Monaco Bank,1911,16,37.6,-25.88
264050,Sangeang Api,1911,16,-8.2,119.07
273070,Taal,1911,9,14.0106,120.9975
268040,Gamkonora,1911,9,1.38,127.53
282110,Asosan,1911,9,32.8849,131.085
252080,Witori,1911,9,-5.5745,150.5161
252130,Lolobau,1911,9,-4.9156,151.1617
358020,Calbuco,1911,8,-41.33,-72.618
311320,Akutan,1911,8,54.134,-165.986
300130,Karymsky,1911,8,54.049,159.443
211060,Etna,1910,8,37.748,14.999
284010,Izu-Oshima,1910,8,34.724,139.394
233020,"Fournaise, Piton de la",1910,7,-21.244,55.708
263300,Semeru,1910,7,-8.108,112.922
266030,Soputan,1910,6,1.112,124.737
283070,Yakedake,1910,6,36.227,137.587
222160,Meru,1910,6,-3.244,36.75
241080,Tongariro,1910,5,-39.157,175.632
345040,Poas,1910,5,10.2,-84.233
300260,Klyuchevskoy,1910,5,56.056,160.642
285030,Toya,1910,4,42.544,140.839
241050,Okataina,1910,4,-38.1569,176.5069
373030,Bardarbunga,1910,3,64.633,-17.516
211040,Stromboli,1910,3,38.789,15.213
264100,Ebulobo,1910,3,-8.817,121.191
263090,Tangkuban Parahu,1910,3,-6.77,107.6
282110,Asosan,1910,3,32.8849,131.085
234010,Heard,1910,3,-53.106,73.513
233010,Karthala,1910,3,-11.75,43.38
358070,"Burney, Monte",1910,2,-52.33,-73.4
211060,Etna,1910,1,37.748,14.999
345040,Poas,1910,1,10.2,-84.233
263310,Tengger Caldera,1910,1,-7.942,112.95
241080,Tongariro,1910,1,-39.157,175.632
257040,Ambrym,1910,12,-16.25,168.12
255050,Simbo,1910,11,-8.292,156.52
264250,Iliwerung,1910,11,-8.532,123.573
261140,Marapi,1910,16,-0.38,100.474
222051,Emuruangogolak,1910,16,1.5,36.33
373010,Grimsvotn,1910,9,64.416,-17.316
264030,Rinjani,1909,9,-8.42,116.47
383030,Tenerife,1909,9,28.271,-16.641
264220,Iliboleng,1909,7,-8.342,123.258
263300,Semeru,1909,7,-8.108,112.922
311300,Bogoslof,1909,7,53.93,-168.03
357120,Villarrica,1909,7,-39.42,-71.93
256010,Tinakula,1909,7,-10.386,165.804
300100,Avachinsky,1909,6,53.256,158.836
257040,Ambrym,1909,6,-16.25,168.12
261180,Sumbing,1909,6,-2.414,101.728
300260,Klyuchevskoy,1909,5,56.056,160.642
241040,Whakaari/White Island,1909,5,-37.52,177.18
263060,Gede-Pangrango,1909,5,-6.786,106.983
223020,Nyamulagira,1909,5,-1.408,29.2
224010,Cameroon,1909,4,4.203,9.17
251010,Bam,1909,4,-3.613,144.818
282110,Asosan,1909,4,32.8849,131.085
233020,"Fournaise, Piton de la",1909,3,-21.244,55.708
358020,Calbuco,1909,2,-41.33,-72.618
241080,Tongariro,1909,2,-39.157,175.632
263250,Merapi,1909,2,-7.54,110.446
283110,Asamayama,1909,2,36.406,138.523
263310,Tengger Caldera,1909,2,-7.942,112.95
285040,Shikotsu,1909,1,42.688,141.38
264180,Lewotobi,1909,1,-8.542,122.775
251020,Manam,1909,1,-4.08,145.037
384010,Fogo,1909,12,14.95,-24.35
284170,Pagan,1909,12,18.13,145.8
341040,Colima,1908,11,19.514,-103.62
357120,Villarrica,1908,11,-39.42,-71.93
241050,Okataina,1908,9,-38.1569,176.5069
261170,Kerinci,1908,9,-1.697,101.264
283110,Asamayama,1908,9,36.406,138.523
255020,Bagana,1908,8,-6.137,155.196
251010,Bam,1908,7,-3.613,144.818
266030,Soputan,1908,7,1.112,124.737
211060,Etna,1908,7,37.748,14.999
390020,Erebus,1908,6,-77.53,167.17
311320,Akutan,1908,6,54.134,-165.986
261230,Dempo,1908,6,-4.016,103.121
283110,Asamayama,1908,5,36.406,138.523
282110,Asosan,1908,5,32.8849,131.085
263300,Semeru,1908,3,-8.108,112.922
223020,Nyamulagira,1908,3,-1.408,29.2
358063,Reclus,1908,2,-50.9395,-73.5802
352050,Cotopaxi,1908,2,-0.677,-78.436
263250,Merapi,1908,2,-7.54,110.446
257040,Ambrym,1908,2,-16.25,168.12
257050,Lopevi,1908,2,-16.507,168.346
313010,Augustine,1908,1,59.3626,-153.435
300130,Karymsky,1908,1,54.049,159.443
261140,Marapi,1907,12,-0.38,100.474
263310,Tengger Caldera,1907,12,-7.942,112.95
282110,Asosan,1907,12,32.8849,131.085
283070,Yakedake,1907,12,36.227,137.587
233020,"Fournaise, Piton de la",1907,11,-21.244,55.708
268060,Gamalama,1907,11,0.81,127.3322
223020,Nyamulagira,1907,16,-1.408,29.2
344040,Telica,1907,16,12.606,-86.84
251010,Bam,1907,16,-3.613,144.818
241080,Tongariro,1907,16,-39.157,175.632
264180,Lewotobi,1907,9,-8.542,122.775
344120,Concepcion,1907,9,11.538,-85.622
263310,Tengger Caldera,1907,8,-7.942,112.95
283110,Asamayama,1907,8,36.406,138.523
300260,Klyuchevskoy,1907,8,56.056,160.642
357060,"Azul, Cerro",1907,7,-35.653,-70.761
263300,Semeru,1907,7,-8.108,112.922
243010,Unnamed,1907,7,-21.338,-175.65
266030,Soputan,1907,6,1.112,124.737
221112,Alayta,1907,5,12.888,40.573
352050,Cotopaxi,1907,4,-0.677,-78.436
357120,Villarrica,1907,4,-39.42,-71.93
358020,Calbuco,1907,4,-41.33,-72.618
357140,Carran-Los Venados,1907,4,-40.35,-72.07
382110,Monaco Bank,1907,4,37.6,-25.88
223020,Nyamulagira,1907,4,-1.408,29.2
300050,Ksudach,1907,3,51.8042,157.5292
357010,Tupungatito,1907,3,-33.425,-69.797
241080,Tongariro,1907,3,-39.157,175.632
283110,Asamayama,1907,3,36.406,138.523
332020,Mauna Loa,1907,3,19.475,-155.608
263300,Semeru,1907,3,-8.108,112.922
222120,"Lengai, Ol Doinyo",1907,3,-2.764,35.914
357110,Llaima,1907,3,-38.692,-71.729
357070,"Chillan, Nevados de",1907,2,-36.868,-71.378
354020,Ubinas,1907,1,-16.345,-70.8972
274030,Babuyan Claro,1907,1,19.524,121.95
252010,Langila,1907,1,-5.525,148.42
261220,Kaba,1907,1,-3.522,102.615
311320,Akutan,1907,12,54.134,-165.986
311310,Makushin,1907,12,53.891,-166.923
311160,Atka Volcanic Complex,1907,12,52.331,-174.139
332010,Kilauea,1906,11,19.421,-155.287
243060,Tofua,1906,11,-19.75,-175.07
354020,Ubinas,1906,16,-16.345,-70.8972
263310,Tengger Caldera,1906,9,-7.942,112.95
263210,Sundoro,1906,9,-7.302,109.996
352050,Cotopaxi,1906,9,-0.677,-78.436
357070,"Chillan, Nevados de",1906,9,-36.868,-71.378
266030,Soputan,1906,8,1.112,124.737
282110,Asosan,1906,8,32.8849,131.085
221080,Erta Ale,1906,8,13.601,40.666
311110,Kanaga,1906,7,51.923,-177.168
264030,Rinjani,1906,6,-8.42,116.47
357120,Villarrica,1906,6,-39.42,-71.93
284070,Myojinsho,1906,5,31.888,139.918
283110,Asamayama,1906,4,36.406,138.523
241100,Ruapehu,1906,3,-39.28,175.57
311300,Bogoslof,1906,3,53.93,-168.03
243100,Fonualei,1906,3,-18.023,-174.317
241080,Tongariro,1906,3,-39.157,175.632
241050,Okataina,1906,1,-38.1569,176.5069
263250,Merapi,1906,1,-7.54,110.446
344100,Masaya,1906,1,11.9844,-86.1688
243060,Tofua,1906,1,-19.75,-175.07
290320,Nemo Peak,1906,1,49.57,154.808
284150,Asuncion,1906,1,19.671,145.406
357060,"Azul, Cerro",1906,1,-35.653,-70.761
351060,Purace,1906,12,2.3095,-76.3948
223030,Nyiragongo,1906,12,-1.52,29.25
358020,Calbuco,1906,11,-41.33,-72.618
358030,Huequi,1906,11,-42.377,-72.578
312030,Pavlof,1906,11,55.417,-161.894
272020,Kanlaon,1905,16,10.4096,123.13
261140,Marapi,1905,16,-0.38,100.474
264090,Inielika,1905,16,-8.73,120.98
357021,Maipo,1905,9,-34.164,-69.832
283120,Kusatsu-Shiranesan,1905,9,36.618,138.528
285020,Hokkaido-Komagatake,1905,8,42.063,140.677
244040,Savaii,1905,8,-13.612,-172.525
263300,Semeru,1905,7,-8.108,112.922
223020,Nyamulagira,1905,7,-1.408,29.2
241050,Okataina,1905,6,-38.1569,176.5069
267020,Karangetang,1905,5,2.781,125.407
332010,Kilauea,1905,5,19.421,-155.287
241050,Okataina,1905,4,-38.1569,176.5069
233020,"Fournaise, Piton de la",1905,3,-21.244,55.708
344090,Momotombo,1905,3,12.423,-86.539
263250,Merapi,1905,3,-7.54,110.446
261230,Dempo,1905,2,-4.016,103.121
264010,Batur,1905,1,-8.2403,115.3775
283190,Zaozan [Zaosan],1905,12,38.144,140.44
352050,Cotopaxi,1905,12,-0.677,-78.436
223030,Nyiragongo,1905,12,-1.52,29.25
241080,Tongariro,1905,11,-39.157,175.632
390031,Penguin Island,1905,16,-62.1,-57.93
357150,Puyehue-Cordon Caulle,1905,16,-40.59,-72.117
300270,Sheveluch,1905,9,56.653,161.36
241080,Tongariro,1904,9,-39.157,175.632
284130,Fukutoku-Oka-no-Ba,1904,9,24.285,141.481
251020,Manam,1904,9,-4.08,145.037
266110,Mahawu,1904,7,1.352,124.865
267030,Banua Wuhu,1904,7,3.1463,125.4422
233020,"Fournaise, Piton de la",1904,7,-21.244,55.708
252130,Lolobau,1904,6,-4.9156,151.1617
283110,Asamayama,1904,6,36.406,138.523
263180,Slamet,1904,4,-7.242,109.208
265050,Teon,1904,3,-6.976,129.144
344100,Masaya,1904,3,11.9844,-86.1688
251020,Manam,1904,3,-4.08,145.037
267010,Ruang,1904,3,2.3058,125.3671
261140,Marapi,1904,2,-0.38,100.474
267030,Banua Wuhu,1904,2,3.1463,125.4422
300060,Mutnovsky,1904,2,52.449,158.196
273070,Taal,1904,2,14.0106,120.9975
223020,Nyamulagira,1904,2,-1.408,29.2
233010,Karthala,1904,2,-11.75,43.38
300260,Klyuchevskoy,1904,1,56.056,160.642
343020,Santa Ana,1904,12,13.853,-89.63
263300,Semeru,1904,12,-8.108,112.922
222120,"Lengai, Ol Doinyo",1904,12,-2.764,35.914
357120,Villarrica,1904,12,-39.42,-71.93
341040,Colima,1904,11,19.514,-103.62
353090,Santiago,1904,11,-0.22,-90.77
272020,Kanlaon,1904,11,10.4096,123.13
264220,Iliboleng,1904,16,-8.342,123.258
264010,Batur,1904,16,-8.2403,115.3775
300240,Tolbachik,1904,16,55.832,160.326
311110,Kanaga,1904,16,51.923,-177.168
265060,Nila,1903,16,-6.73,129.5
263340,Raung,1903,9,-8.119,114.056
332010,Kilauea,1903,9,19.421,-155.287
343030,Izalco,1903,8,13.813,-89.633
263210,Sundoro,1903,8,-7.302,109.996
352050,Cotopaxi,1903,8,-0.677,-78.436
332020,Mauna Loa,1903,7,19.475,-155.608
282090,Kirishimayama,1903,7,31.934,130.862
357110,Llaima,1903,7,-38.692,-71.729
305060,Changbaishan,1903,7,41.98,128.08
273070,Taal,1903,7,14.0106,120.9975
263300,Semeru,1903,7,-8.108,112.922
282020,Io-Torishima,1903,5,27.881,128.223
341040,Colima,1903,5,19.514,-103.62
390020,Erebus,1903,5,-77.53,167.17
342030,Santa Maria,1903,4,14.757,-91.552
224004,Santa Isabel,1903,4,3.588,8.762
233020,"Fournaise, Piton de la",1903,4,-21.244,55.708
258020,Hunter Island,1903,4,-22.4,172.05
241100,Ruapehu,1903,3,-39.28,175.57
263250,Merapi,1902,2,-7.54,110.446
373030,Bardarbunga,1902,2,64.633,-17.516
373012,Thordarhyrna,1902,2,64.267,-17.617
244040,Savaii,1902,2,-13.612,-172.525
342030,Santa Maria,1902,1,14.757,-91.552
233020,"Fournaise, Piton de la",1902,1,-21.244,55.708
284090,Izu-Torishima,1902,1,30.484,140.303
283110,Asamayama,1902,1,36.406,138.523
283120,Kusatsu-Shiranesan,1902,1,36.618,138.528
344100,Masaya,1902,1,11.9844,-86.1688
315020,Wrangell,1902,12,62.006,-144.017
332010,Kilauea,1902,11,19.421,-155.287
343030,Izalco,1902,11,13.813,-89.633
382030,Sao Jorge,1902,16,38.65,-28.08
360150,Soufriere St. Vincent,1902,16,13.33,-61.18
263210,Sundoro,1902,16,-7.302,109.996
360120,Pelee,1902,16,14.809,-61.166
223020,Nyamulagira,1902,16,-1.408,29.2
344090,Momotombo,1902,9,12.423,-86.539
263340,Raung,1902,9,-8.119,114.056
332010,Kilauea,1902,8,19.421,-155.287
283110,Asamayama,1902,7,36.406,138.523
263250,Merapi,1902,7,-7.54,110.446
272020,Kanlaon,1902,7,10.4096,123.13
313030,Redoubt,1902,7,60.485,-152.742
223030,Nyiragongo,1902,7,-1.52,29.25
344120,Concepcion,1902,6,11.538,-85.622
355100,Lascar,1902,6,-23.37,-67.73
351060,Purace,1902,6,2.3095,-76.3948
273030,Mayon,1902,6,13.257,123.685
283230,Akita-Komagatake,1902,6,39.761,140.799
263050,Salak,1902,4,-6.716,106.733
311180,Seguam,1902,4,52.315,-172.51
357120,Villarrica,1902,3,-39.42,-71.93
300100,Avachinsky,1901,2,53.256,158.836
233020,"Fournaise, Piton de la",1901,1,-21.244,55.708
264030,Rinjani,1901,1,-8.42,116.47
263280,Kelud,1901,1,-7.935,112.314
265090,Banda Api,1901,1,-4.523,129.881
357010,Tupungatito,1901,1,-33.425,-69.797
233020,"Fournaise, Piton de la",1901,12,-21.244,55.708
266030,Soputan,1901,11,1.112,124.737
263300,Semeru,1901,16,-8.108,112.922
284140,Farallon de Pajaros,1901,16,20.546,144.893
268010,Dukono,1901,16,1.6992,127.8783
223030,Nyiragongo,1901,16,-1.52,29.25
223020,Nyamulagira,1901,16,-1.408,29.2
300030,Iliinsky,1901,9,51.498,157.203
312030,Pavlof,1901,9,55.417,-161.894
311360,Shishaldin,1901,9,54.756,-163.97
264030,Rinjani,1900,9,-8.42,116.47
261230,Dempo,1900,9,-4.016,103.121
283120,Kusatsu-Shiranesan,1900,8,36.618,138.528
283170,Adatarayama,1900,8,37.647,140.281
261230,Dempo,1900,7,-4.016,103.121
315020,Wrangell,1900,7,62.006,-144.017
233020,"Fournaise, Piton de la",1900,6,-21.244,55.708
263300,Semeru,1900,5,-8.108,112.922
273030,Mayon,1900,5,13.257,123.685
283110,Asamayama,1900,5,36.406,138.523
241050,Okataina,1900,5,-38.1569,176.5069
252010,Langila,1900,4,-5.525,148.42
274020,Didicas,1900,4,19.077,122.202
267020,Karangetang,1900,4,2.781,125.407
390090,Saunders,1900,3,-57.8,-26.483
223030,Nyiragongo,1900,3,-1.52,29.25
221250,Bora-Bericha-Tullu Moye,1900,3,8.2114,39.0812
358030,Huequi,1900,2,-42.377,-72.578
290260,Chirinkotan,1900,2,48.98,153.48
343030,Izalco,1899,2,13.813,-89.633
263300,Semeru,1899,1,-8.108,112.922
344070,"Negro, Cerro",1899,1,12.506,-86.702
211060,Etna,1899,11,37.748,14.999
315020,Wrangell,1899,11,62.006,-144.017
283170,Adatarayama,1899,9,37.647,140.281
263300,Semeru,1899,9,-8.108,112.922
282090,Kirishimayama,1899,9,31.934,130.862
211060,Etna,1899,9,37.748,14.999
283110,Asamayama,1899,8,36.406,138.523
332020,Mauna Loa,1899,8,19.475,-155.608
264230,Lewotolok,1899,7,-8.274,123.508
263060,Gede-Pangrango,1899,7,-6.786,106.983
283110,Asamayama,1899,7,36.406,138.523
233020,"Fournaise, Piton de la",1899,7,-21.244,55.708
223020,Nyamulagira,1899,7,-1.408,29.2
263300,Semeru,1899,7,-8.108,112.922
390010,Buckle Island,1899,7,-66.78,163.25
311290,Okmok,1899,6,53.43,-168.13
255020,Bagana,1899,6,-6.137,155.196
251020,Manam,1899,6,-4.08,145.037
267020,Karangetang,1899,6,2.781,125.407
223030,Nyiragongo,1899,5,-1.52,29.25
351060,Purace,1899,5,2.3095,-76.3948
345040,Poas,1898,5,10.2,-84.233
282090,Kirishimayama,1898,5,31.934,130.862
285061,Maruyama,1898,5,43.418,143.031
233020,"Fournaise, Piton de la",1898,5,-21.244,55.708
282110,Asosan,1898,4,32.8849,131.085
257050,Lopevi,1898,3,-16.507,168.346
268060,Gamalama,1898,2,0.81,127.3322
266010,Colo,1898,2,-0.162,121.601
352010,Reventador,1898,1,-0.077,-77.656
300060,Mutnovsky,1898,1,52.449,158.196
257040,Ambrym,1898,1,-16.25,168.12
263300,Semeru,1898,1,-8.108,112.922
300260,Klyuchevskoy,1898,1,56.056,160.642
282090,Kirishimayama,1898,12,31.934,130.862
263320,Lamongan,1898,12,-7.981,113.341
233020,"Fournaise, Piton de la",1898,11,-21.244,55.708
241080,Tongariro,1898,16,-39.157,175.632
223030,Nyiragongo,1898,16,-1.52,29.25
224004,Santa Isabel,1898,16,3.588,8.762
355100,Lascar,1898,9,-23.37,-67.73
357070,"Chillan, Nevados de",1898,9,-36.868,-71.378
252120,Ulawun,1898,9,-5.05,151.33
311360,Shishaldin,1898,9,54.756,-163.97
305060,Changbaishan,1898,9,41.98,128.08
357120,Villarrica,1897,8,-39.42,-71.93
351070,Dona Juana,1897,7,1.5,-76.936
268060,Gamalama,1897,7,0.81,127.3322
283120,Kusatsu-Shiranesan,1897,6,36.618,138.528
332010,Kilauea,1897,6,19.421,-155.287
257070,Kuwae,1897,6,-16.8304,168.5227
273030,Mayon,1897,5,13.257,123.685
255020,Bagana,1897,5,-6.137,155.196
282090,Kirishimayama,1897,4,31.934,130.862
222030,"Barrier, The",1897,4,2.32,36.57
263340,Raung,1897,3,-8.119,114.056
256010,Tinakula,1897,3,-10.386,165.804
282110,Asosan,1897,2,32.8849,131.085
233020,"Fournaise, Piton de la",1897,2,-21.244,55.708
263300,Semeru,1897,2,-8.108,112.922
357010,Tupungatito,1897,2,-33.425,-69.797
353090,Santiago,1897,2,-0.22,-90.77
241080,Tongariro,1897,1,-39.157,175.632
373010,Grimsvotn,1897,1,64.416,-17.316
264010,Batur,1897,1,-8.2403,115.3775
263250,Merapi,1897,1,-7.54,110.446
300270,Sheveluch,1897,12,56.653,161.36
311240,Cleveland,1897,11,52.825,-169.944
282090,Kirishimayama,1896,11,31.934,130.862
300260,Klyuchevskoy,1896,16,56.056,160.642
241080,Tongariro,1896,9,-39.157,175.632
263320,Lamongan,1896,9,-7.981,113.341
372010,Vestmannaeyjar,1896,8,63.416,-20.266
273030,Mayon,1896,8,13.257,123.685
263340,Raung,1896,7,-8.119,114.056
332010,Kilauea,1896,7,19.421,-155.287
263090,Tangkuban Parahu,1896,7,-6.77,107.6
263300,Semeru,1896,7,-8.108,112.922
332020,Mauna Loa,1896,7,19.475,-155.608
283190,Zaozan [Zaosan],1896,7,38.144,140.44
342090,Fuego,1896,7,14.4748,-90.8806
332010,Kilauea,1896,7,19.421,-155.287
358030,Huequi,1896,7,-42.377,-72.578
223020,Nyamulagira,1896,6,-1.408,29.2
284070,Myojinsho,1896,6,31.888,139.918
263310,Tengger Caldera,1896,5,-7.942,112.95
241050,Okataina,1896,5,-38.1569,176.5069
311320,Akutan,1896,5,54.134,-165.986
268060,Gamalama,1895,4,0.81,127.3322
258020,Hunter Island,1895,4,-22.4,172.05
283190,Zaozan [Zaosan],1895,3,38.144,140.44
311320,Akutan,1895,2,54.134,-165.986
273030,Mayon,1895,2,13.257,123.685
282090,Kirishimayama,1895,1,31.934,130.862
261230,Dempo,1895,1,-4.016,103.121
267030,Banua Wuhu,1895,1,3.1463,125.4422
251030,Karkar,1895,1,-4.647,145.976
263300,Semeru,1895,1,-8.108,112.922
241100,Ruapehu,1895,12,-39.28,175.57
283180,Azumayama,1895,12,37.735,140.244
283190,Zaozan [Zaosan],1895,12,38.144,140.44
252040,Dakataua,1895,12,-5.0455,150.0996
222030,"Barrier, The",1895,12,2.32,36.57
352050,Cotopaxi,1895,11,-0.677,-78.436
357020,San Jose,1895,11,-33.789,-69.895
357110,Llaima,1895,11,-38.692,-71.729
352040,Sumaco,1895,11,-0.538,-77.626
345040,Poas,1895,11,10.2,-84.233
358020,Calbuco,1894,16,-41.33,-72.618
263140,Galunggung,1894,16,-7.25,108.058
257040,Ambrym,1894,9,-16.25,168.12
263250,Merapi,1894,9,-7.54,110.446
300100,Avachinsky,1894,8,53.256,158.836
285040,Shikotsu,1894,8,42.688,141.38
233020,"Fournaise, Piton de la",1894,8,-21.244,55.708
290120,Kolokol Group,1894,7,46.042,150.083
283190,Zaozan [Zaosan],1894,7,38.144,140.44
223020,Nyamulagira,1894,7,-1.408,29.2
272020,Kanlaon,1894,7,10.4096,123.13
283110,Asamayama,1894,7,36.406,138.523
283180,Azumayama,1894,7,37.735,140.244
282110,Asosan,1894,7,32.8849,131.085
282090,Kirishimayama,1894,7,31.934,130.862
285040,Shikotsu,1894,5,42.688,141.38
263250,Merapi,1894,5,-7.54,110.446
255020,Bagana,1894,5,-6.137,155.196
273010,Bulusan,1894,5,12.769,124.056
223030,Nyiragongo,1894,4,-1.52,29.25
352010,Reventador,1894,4,-0.077,-77.656
290390,Alaid,1894,4,50.861,155.565
312030,Pavlof,1894,3,55.417,-161.894
263300,Semeru,1893,3,-8.108,112.922
341040,Colima,1893,2,19.514,-103.62
357120,Villarrica,1893,1,-39.42,-71.93
357110,Llaima,1893,1,-38.692,-71.729
263320,Lamongan,1893,1,-7.981,113.341
283180,Azumayama,1893,1,37.735,140.244
273030,Mayon,1893,1,13.257,123.685
263250,Merapi,1893,1,-7.54,110.446
272020,Kanlaon,1893,1,10.4096,123.13
283180,Azumayama,1893,1,37.735,140.244
211060,Etna,1893,11,37.748,14.999
266100,Lokon-Empung,1893,11,1.3644,124.7992
357070,"Chillan, Nevados de",1893,11,-36.868,-71.378
263310,Tengger Caldera,1893,16,-7.942,112.95
358020,Calbuco,1893,16,-41.33,-72.618
261120,Sorikmarapi,1893,9,0.686,99.539
263300,Semeru,1893,8,-8.108,112.922
267040,Awu,1893,8,3.689,125.447
358030,Huequi,1893,7,-42.377,-72.578
357150,Puyehue-Cordon Caulle,1893,7,-40.59,-72.117
311240,Cleveland,1893,7,52.825,-169.944
241080,Tongariro,1892,7,-39.157,175.632
332020,Mauna Loa,1892,7,19.475,-155.608
241080,Tongariro,1892,6,-39.157,175.632
257050,Lopevi,1892,6,-16.507,168.346
311320,Akutan,1892,6,54.134,-165.986
312070,Veniaminof,1892,5,56.17,-159.38
211060,Etna,1892,5,37.748,14.999
267020,Karangetang,1892,4,2.781,125.407
267040,Awu,1892,4,3.689,125.447
265040,Wurlali,1892,4,-7.125,128.675
261120,Sorikmarapi,1892,4,0.686,99.539
311180,Seguam,1892,4,52.315,-172.51
263300,Semeru,1892,3,-8.108,112.922
241080,Tongariro,1892,3,-39.157,175.632
357110,Llaima,1892,3,-38.692,-71.729
273010,Bulusan,1892,3,12.769,124.056
390015,Melbourne,1892,3,-74.35,164.7
312030,Pavlof,1892,3,55.417,-161.894
311180,Seguam,1891,3,52.315,-172.51
282090,Kirishimayama,1891,2,31.934,130.862
373010,Grimsvotn,1891,2,64.416,-17.316
211071,Pantelleria,1891,2,36.77,12.02
273030,Mayon,1891,1,13.257,123.685
283110,Asamayama,1891,1,36.406,138.523
263320,Lamongan,1891,12,-7.981,113.341
263250,Merapi,1891,12,-7.54,110.446
341040,Colima,1891,12,19.514,-103.62
282090,Kirishimayama,1891,11,31.934,130.862
344120,Concepcion,1891,11,11.538,-85.622
211060,Etna,1891,11,37.748,14.999
357070,"Chillan, Nevados de",1891,11,-36.868,-71.378
351080,Galeras,1891,16,1.22,-77.37
343030,Izalco,1891,16,13.813,-89.633
223030,Nyiragongo,1891,16,-1.52,29.25
223050,Visoke,1891,9,-1.458,29.485
358057,"Hudson, Cerro",1891,9,-45.9,-72.97
263060,Gede-Pangrango,1891,9,-6.786,106.983
283230,Akita-Komagatake,1890,8,39.761,140.799
265090,Banda Api,1890,8,-4.523,129.881
341040,Colima,1890,8,19.514,-103.62
283260,Akita-Yakeyama,1890,8,39.964,140.757
273030,Mayon,1890,7,13.257,123.685
263320,Lamongan,1890,7,-7.981,113.341
283140,Nikko-Shiranesan,1890,7,36.799,139.376
263180,Slamet,1890,7,-7.242,109.208
263340,Raung,1890,7,-8.119,114.056
268070,Kie Besi,1890,7,0.32,127.4
285090,Shiretoko-Iozan,1890,7,44.133,145.161
263310,Tengger Caldera,1890,6,-7.942,112.95
211060,Etna,1890,5,37.748,14.999
300260,Klyuchevskoy,1890,5,56.056,160.642
300261,Ushkovsky,1890,5,56.113,160.509
343030,Izalco,1890,5,13.813,-89.633
263320,Lamongan,1890,4,-7.981,113.341
233020,"Fournaise, Piton de la",1890,3,-21.244,55.708
211040,Stromboli,1890,3,38.789,15.213
266030,Soputan,1890,2,1.112,124.737
358030,Huequi,1890,1,-42.377,-72.578
343100,San Miguel,1890,4,13.434,-88.269
334130,Southern EPR at 18.2°S (Segment J),1890,4,-18.175,-113.35
253030,Victory,1890,4,-9.2003,149.072
252010,Langila,1890,4,-5.525,148.42
300090,Koryaksky,1890,4,53.321,158.712
357120,Villarrica,1890,3,-39.42,-71.93
284120,Ioto,1889,3,24.751,141.289
283110,Asamayama,1889,2,36.406,138.523
282090,Kirishimayama,1889,1,31.934,130.862
283140,Nikko-Shiranesan,1889,1,36.799,139.376
282030,Suwanosejima,1889,1,29.638,129.714
263320,Lamongan,1889,1,-7.981,113.341
267030,Banua Wuhu,1889,12,3.1463,125.4422
357040,Planchon-Peteroa,1889,12,-35.223,-70.568
341040,Colima,1889,12,19.514,-103.62
285090,Shiretoko-Iozan,1889,12,44.133,145.161
351080,Galeras,1889,12,1.22,-77.37
263250,Merapi,1889,11,-7.54,110.446
267010,Ruang,1889,16,2.3058,125.3671
233020,"Fournaise, Piton de la",1889,16,-21.244,55.708
241100,Ruapehu,1889,16,-39.28,175.57
357110,Llaima,1889,9,-38.692,-71.729
261140,Marapi,1889,9,-0.38,100.474
261150,Tandikat-Singgalang,1889,8,-0.39,100.331
263300,Semeru,1889,7,-8.108,112.922
264180,Lewotobi,1889,6,-8.542,122.775
273010,Bulusan,1889,6,12.769,124.056
357020,San Jose,1889,6,-33.789,-69.895
357010,Tupungatito,1889,6,-33.425,-69.797
285050,Tokachidake,1889,6,43.418,142.686
273030,Mayon,1888,5,13.257,123.685
212050,Nisyros,1888,5,36.5888,27.1553
263320,Lamongan,1888,5,-7.981,113.341
263250,Merapi,1888,5,-7.54,110.446
211050,Vulcano,1888,5,38.404,14.962
283160,Bandaisan,1888,5,37.601,140.072
264010,Batur,1888,5,-8.2403,115.3775
285020,Hokkaido-Komagatake,1888,4,42.063,140.677
211060,Etna,1888,4,37.748,14.999
353010,Fernandina,1888,3,-0.37,-91.55
251070,Ritter Island,1888,3,-5.519,148.115
257040,Ambrym,1888,3,-16.25,168.12
282090,Kirishimayama,1888,1,31.934,130.862
261140,Marapi,1888,1,-0.38,100.474
263300,Semeru,1888,12,-8.108,112.922
345040,Poas,1888,12,10.2,-84.233
222030,"Barrier, The",1888,12,2.32,36.57
222020,Lake Turkana South Island,1888,12,2.6364,36.5958
264100,Ebulobo,1888,12,-8.817,121.191
264220,Iliboleng,1888,12,-8.342,123.258
263060,Gede-Pangrango,1888,12,-6.786,106.983
263210,Sundoro,1887,11,-7.302,109.996
263320,Lamongan,1887,16,-7.981,113.341
263060,Gede-Pangrango,1887,16,-6.786,106.983
285040,Shikotsu,1887,9,42.688,141.38
373012,Thordarhyrna,1887,8,64.267,-17.617
263300,Semeru,1887,7,-8.108,112.922
263320,Lamongan,1887,7,-7.981,113.341
357100,Lonquimay,1887,7,-38.379,-71.586
251020,Manam,1887,7,-4.08,145.037
285050,Tokachidake,1887,7,43.418,142.686
211060,Etna,1887,7,37.748,14.999
267020,Karangetang,1887,6,2.781,125.407
282090,Kirishimayama,1887,6,31.934,130.862
261170,Kerinci,1887,4,-1.697,101.264
251070,Ritter Island,1887,3,-5.519,148.115
263300,Semeru,1887,2,-8.108,112.922
357110,Llaima,1887,2,-38.692,-71.729
332020,Mauna Loa,1887,1,19.475,-155.608
341040,Colima,1887,1,19.514,-103.62
343030,Izalco,1887,1,13.813,-89.633
283260,Akita-Yakeyama,1887,12,39.964,140.757
311320,Akutan,1887,12,54.134,-165.986
263310,Tengger Caldera,1886,11,-7.942,112.95
241040,Whakaari/White Island,1886,11,-37.52,177.18
243110,Niuafo'ou,1886,11,-15.6,-175.63
273030,Mayon,1886,11,13.257,123.685
257040,Ambrym,1886,11,-16.25,168.12
241050,Okataina,1886,16,-38.1569,176.5069
263060,Gede-Pangrango,1886,16,-6.786,106.983
241080,Tongariro,1886,16,-39.157,175.632
344090,Momotombo,1886,16,12.423,-86.539
267020,Karangetang,1886,16,2.781,125.407
263310,Tengger Caldera,1886,9,-7.942,112.95
285040,Shikotsu,1886,9,42.688,141.38
261140,Marapi,1886,9,-0.38,100.474
242030,Raoul Island,1886,8,-29.27,-177.92
263300,Semeru,1886,8,-8.108,112.922
352080,Tungurahua,1886,7,-1.467,-78.442
211050,Vulcano,1886,7,38.404,14.962
352050,Cotopaxi,1886,6,-0.677,-78.436
222160,Meru,1886,6,-3.244,36.75
345060,Irazu,1886,6,9.979,-83.852
243070,Lateiki,1886,6,-19.18,-174.87
256010,Tinakula,1886,5,-10.386,165.804
252110,Bamus,1886,5,-5.2,151.23
273010,Bulusan,1886,5,12.769,124.056
312030,Pavlof,1886,4,55.417,-161.894
341040,Colima,1885,3,19.514,-103.62
342110,Pacaya,1885,3,14.382,-90.601
263260,Lawu,1885,3,-7.625,111.192
273030,Mayon,1885,2,13.257,123.685
261140,Marapi,1885,1,-0.38,100.474
263310,Tengger Caldera,1885,1,-7.942,112.95
243050,Fonuafo'ou,1885,1,-20.32,-175.42
243060,Tofua,1885,12,-19.75,-175.07
241040,Whakaari/White Island,1885,12,-37.52,177.18
264220,Iliboleng,1885,12,-8.342,123.258
267040,Awu,1885,11,3.689,125.447
352050,Cotopaxi,1885,11,-0.677,-78.436
263340,Raung,1885,11,-8.119,114.056
263310,Tengger Caldera,1885,11,-7.942,112.95
351060,Purace,1885,11,2.3095,-76.3948
251020,Manam,1885,16,-4.08,145.037
263180,Slamet,1885,16,-7.242,109.208
263320,Lamongan,1885,9,-7.981,113.341
263250,Merapi,1885,9,-7.54,110.446
285040,Shikotsu,1885,8,42.688,141.38
282030,Suwanosejima,1885,8,29.638,129.714
352080,Tungurahua,1885,8,-1.467,-78.442
345060,Irazu,1885,8,9.979,-83.852
343030,Izalco,1885,8,13.813,-89.633
355030,Isluga,1885,7,-19.15,-68.83
241080,Tongariro,1885,7,-39.157,175.632
268040,Gamkonora,1885,7,1.38,127.53
251030,Karkar,1885,7,-4.647,145.976
263300,Semeru,1884,7,-8.108,112.922
264030,Rinjani,1884,6,-8.42,116.47
290210,Ushishur,1884,6,47.5125,152.8139
261230,Dempo,1884,5,-4.016,103.121
268060,Gamalama,1884,5,0.81,127.3322
282110,Asosan,1884,4,32.8849,131.085
343030,Izalco,1884,4,13.813,-89.633
343020,Santa Ana,1884,4,13.853,-89.63
233020,"Fournaise, Piton de la",1884,3,-21.244,55.708
343100,San Miguel,1884,3,13.434,-88.269
263320,Lamongan,1884,2,-7.981,113.341
252010,Langila,1884,2,-5.525,148.42
257040,Ambrym,1884,1,-16.25,168.12
282030,Suwanosejima,1884,12,29.638,129.714
344120,Concepcion,1884,12,11.538,-85.622
223030,Nyiragongo,1884,12,-1.52,29.25
211060,Etna,1884,12,37.748,14.999
290260,Chirinkotan,1884,12,48.98,153.48
255020,Bagana,1883,12,-6.137,155.196
263200,Dieng Volcanic Complex,1883,12,-7.2,109.879
261140,Marapi,1883,11,-0.38,100.474
352050,Cotopaxi,1883,16,-0.677,-78.436
285040,Shikotsu,1883,8,42.688,141.38
313010,Augustine,1883,8,59.3626,-153.435
311300,Bogoslof,1883,7,53.93,-168.03
343030,Izalco,1883,7,13.813,-89.633
267040,Awu,1883,6,3.689,125.447
267020,Karangetang,1883,6,2.781,125.407
263210,Sundoro,1883,6,-7.302,109.996
352050,Cotopaxi,1883,4,-0.677,-78.436
300260,Klyuchevskoy,1883,4,56.056,160.642
261140,Marapi,1883,3,-0.38,100.474
262000,Krakatau,1883,2,-6.1009,105.4233
290100,Moyorodake [Medvezhia],1883,2,45.389,148.838
241080,Tongariro,1883,2,-39.157,175.632
290161,Milna,1883,1,46.815,151.786
263320,Lamongan,1883,1,-7.981,113.341
344120,Concepcion,1883,1,11.538,-85.622
250010,St. Andrew Strait,1883,1,-2.38,147.35
233010,Karthala,1883,12,-11.75,43.38
373010,Grimsvotn,1883,12,64.416,-17.316
263250,Merapi,1883,12,-7.54,110.446
257040,Ambrym,1883,11,-16.25,168.12
257050,Lopevi,1883,16,-16.507,168.346
275001,Hainan Volcanic Field,1883,8,19.905,110.229
290300,Kharimkotan,1883,8,49.12,154.508
357110,Llaima,1883,8,-38.692,-71.729
355100,Lascar,1883,7,-23.37,-67.73
357120,Villarrica,1883,7,-39.42,-71.93
221010,"Tair, Jebel at",1883,7,15.55,41.83
284190,Guguan,1883,6,17.3137,145.84
311320,Akutan,1883,6,54.134,-165.986
311310,Makushin,1883,6,53.891,-166.923
311360,Shishaldin,1883,6,54.756,-163.97
343100,San Miguel,1882,6,13.434,-88.269
344090,Momotombo,1882,5,12.423,-86.539
300260,Klyuchevskoy,1882,5,56.056,160.642
283120,Kusatsu-Shiranesan,1882,4,36.618,138.528
343030,Izalco,1882,4,13.813,-89.633
263210,Sundoro,1882,3,-7.302,109.996
352050,Cotopaxi,1882,3,-0.677,-78.436
341040,Colima,1882,2,19.514,-103.62
222120,"Lengai, Ol Doinyo",1882,2,-2.764,35.914
223020,Nyamulagira,1882,2,-1.408,29.2
264110,Iya,1882,2,-8.891,121.641
271040,Makaturing,1882,2,7.644,124.317
300120,Zhupanovsky,1882,12,53.589,159.15
261230,Dempo,1881,11,-4.016,103.121
290161,Milna,1881,11,46.815,151.786
273030,Mayon,1881,16,13.257,123.685
241080,Tongariro,1881,16,-39.157,175.632
283150,Nasudake,1881,16,37.125,139.963
264200,Leroboleng,1881,9,-8.365,122.833
352020,Guagua Pichincha,1881,9,-0.171,-78.598
261230,Dempo,1881,9,-4.016,103.121
343030,Izalco,1881,9,13.813,-89.633
351060,Purace,1881,9,2.3095,-76.3948
357020,San Jose,1881,8,-33.789,-69.895
261070,Singkut,1881,7,3.2379,98.5127
263340,Raung,1881,7,-8.119,114.056
257090,Traitor's Head,1881,7,-18.754,169.238
300100,Avachinsky,1881,7,53.256,158.836
341040,Colima,1880,6,19.514,-103.62
222120,"Lengai, Ol Doinyo",1880,6,-2.764,35.914
332020,Mauna Loa,1880,6,19.475,-155.608
321010,Baker,1880,6,48.777,-121.813
282090,Kirishimayama,1880,6,31.934,130.862
342090,Fuego,1880,6,14.4748,-90.8806
332020,Mauna Loa,1880,6,19.475,-155.608
261230,Dempo,1880,5,-4.016,103.121
343020,Santa Ana,1880,5,13.853,-89.63
352050,Cotopaxi,1880,5,-0.677,-78.436
360101,"Watt, Morne",1880,4,15.307,-61.305
382080,Sete Cidades,1880,4,37.865,-25.785
233010,Karthala,1880,4,-11.75,43.38
357120,Villarrica,1880,4,-39.42,-71.93
345040,Poas,1880,4,10.2,-84.233
266130,Tangkoko-Duasudara,1880,4,1.518,125.185
264040,Tambora,1880,3,-8.25,118
284110,Kita-Ioto,1880,2,25.424,141.284
290020,Raususan [Mendeleev],1880,2,43.979,145.733
312030,Pavlof,1880,1,55.417,-161.894
343060,Ilopango,1879,1,13.672,-89.053
343030,Izalco,1879,1,13.813,-89.633
341040,Colima,1879,1,19.514,-103.62
283110,Asamayama,1879,12,36.406,138.523
371022,Eldey,1879,11,63.733,-23
261230,Dempo,1879,11,-4.016,103.121
290150,Chirpoi,1879,16,46.532,150.871
332020,Mauna Loa,1879,16,19.475,-155.608
352050,Cotopaxi,1879,16,-0.677,-78.436
357120,Villarrica,1879,9,-39.42,-71.93
343020,Santa Ana,1879,9,13.853,-89.63
290240,Sarychev Peak,1879,8,48.092,153.2
300260,Klyuchevskoy,1879,8,56.056,160.642
300270,Sheveluch,1879,7,56.653,161.36
358060,Lautaro,1879,7,-49.019,-73.504
358063,Reclus,1879,6,-50.9395,-73.5802
261120,Sorikmarapi,1879,6,0.686,99.539
263300,Semeru,1879,6,-8.108,112.922
211060,Etna,1878,6,37.748,14.999
261170,Kerinci,1878,6,-1.697,101.264
273070,Taal,1878,6,14.0106,120.9975
344090,Momotombo,1878,5,12.423,-86.539
241080,Tongariro,1878,4,-39.157,175.632
300260,Klyuchevskoy,1878,4,56.056,160.642
351060,Purace,1878,4,2.3095,-76.3948
352050,Cotopaxi,1878,4,-0.677,-78.436
243070,Lateiki,1878,4,-19.18,-174.87
233020,"Fournaise, Piton de la",1878,3,-21.244,55.708
372070,Hekla,1878,3,63.983,-19.666
355030,Isluga,1878,2,-19.15,-68.83
252140,Rabaul,1878,2,-4.2459,152.1937
222160,Meru,1878,2,-3.244,36.75
357040,Planchon-Peteroa,1878,1,-35.223,-70.568
343030,Izalco,1878,1,13.813,-89.633
341130,Tacana,1878,1,15.132,-92.109
252120,Ulawun,1878,1,-5.05,151.33
252010,Langila,1878,12,-5.525,148.42
263250,Merapi,1878,12,-7.54,110.446
263300,Semeru,1878,11,-8.108,112.922
300100,Avachinsky,1878,11,53.256,158.836
311190,Amukta,1878,11,52.5,-171.252
311270,Vsevidof,1878,11,53.13,-168.693
311290,Okmok,1878,11,53.43,-168.13
351100,Cumbal,1877,16,0.95,-77.87
251010,Bam,1877,16,-3.613,144.818
251020,Manam,1877,16,-4.08,145.037
263300,Semeru,1877,16,-8.108,112.922
355110,Llullaillaco,1877,9,-24.72,-68.53
263320,Lamongan,1877,9,-7.981,113.341
263310,Tengger Caldera,1877,9,-7.942,112.95
263300,Semeru,1877,9,-8.108,112.922
357120,Villarrica,1877,8,-39.42,-71.93
332020,Mauna Loa,1877,8,19.475,-155.608
357070,"Chillan, Nevados de",1877,8,-36.868,-71.378
357110,Llaima,1877,7,-38.692,-71.729
352050,Cotopaxi,1877,6,-0.677,-78.436
355030,Isluga,1877,6,-19.15,-68.83
243050,Fonuafo'ou,1877,6,-20.32,-175.42
282030,Suwanosejima,1877,5,29.638,129.714
300260,Klyuchevskoy,1877,4,56.056,160.642
284010,Izu-Oshima,1876,4,34.724,139.394
233020,"Fournaise, Piton de la",1876,4,-21.244,55.708
273030,Mayon,1876,4,13.257,123.685
358060,Lautaro,1876,3,-49.019,-73.504
285090,Shiretoko-Iozan,1876,3,44.133,145.161
261140,Marapi,1876,3,-0.38,100.474
261140,Marapi,1876,3,-0.38,100.474
273030,Mayon,1876,3,13.257,123.685
332020,Mauna Loa,1876,2,19.475,-155.608
284140,Farallon de Pajaros,1876,1,20.546,144.893
261160,Talang,1876,1,-0.979,100.681
264200,Leroboleng,1876,1,-8.365,122.833
233010,Karthala,1876,12,-11.75,43.38
313020,Iliamna,1876,11,60.032,-153.09
211020,Vesuvius,1875,11,40.821,14.426
233020,"Fournaise, Piton de la",1875,11,-21.244,55.708
357120,Villarrica,1875,11,-39.42,-71.93
263180,Slamet,1875,16,-7.242,109.208
332020,Mauna Loa,1875,16,19.475,-155.608
267040,Awu,1875,16,3.689,125.447
283110,Asamayama,1875,16,36.406,138.523
263180,Slamet,1875,16,-7.242,109.208
332020,Mauna Loa,1875,9,19.475,-155.608
373060,Askja,1875,9,65.033,-16.783
341040,Colima,1875,9,19.514,-103.62
334050,Northern EPR at 9.8°N,1875,8,9.83,-104.3
345060,Irazu,1875,8,9.979,-83.852
357110,Llaima,1875,8,-38.692,-71.729
355100,Lascar,1875,8,-23.37,-67.73
267010,Ruang,1874,8,2.3058,125.3671
211060,Etna,1874,7,37.748,14.999
273070,Taal,1874,7,14.0106,120.9975
312070,Veniaminof,1874,7,56.17,-159.38
284040,Miyakejima,1874,6,34.094,139.526
233020,"Fournaise, Piton de la",1874,6,-21.244,55.708
341040,Colima,1874,6,19.514,-103.62
285011,Esan,1874,6,41.805,141.166
263320,Lamongan,1874,6,-7.981,113.341
251010,Bam,1874,5,-3.613,144.818
211060,Etna,1874,5,37.748,14.999
357120,Villarrica,1874,5,-39.42,-71.93
285040,Shikotsu,1874,5,42.688,141.38
282110,Asosan,1874,5,32.8849,131.085
233020,"Fournaise, Piton de la",1874,5,-21.244,55.708
257050,Lopevi,1874,4,-16.507,168.346
261170,Kerinci,1874,4,-1.697,101.264
343020,Santa Ana,1874,3,13.853,-89.63
211050,Vulcano,1873,3,38.404,14.962
283190,Zaozan [Zaosan],1873,3,38.144,140.44
273030,Mayon,1873,2,13.257,123.685
212050,Nisyros,1873,2,36.5888,27.1553
332020,Mauna Loa,1873,1,19.475,-155.608
283140,Nikko-Shiranesan,1873,1,36.799,139.376
271060,Ragang,1873,1,7.691,124.507
373010,Grimsvotn,1873,1,64.416,-17.316
332020,Mauna Loa,1873,12,19.475,-155.608
273070,Taal,1873,12,14.0106,120.9975
261220,Kaba,1873,12,-3.522,102.615
264200,Leroboleng,1873,11,-8.365,122.833
311060,Semisopochnoi,1873,11,51.93,179.58
311070,Gareloi,1873,11,51.79,-178.794
284170,Pagan,1873,11,18.13,145.8
282110,Asosan,1872,11,32.8849,131.085
343030,Izalco,1872,11,13.813,-89.633
263250,Merapi,1872,16,-7.54,110.446
263300,Semeru,1872,16,-8.108,112.922
273030,Mayon,1872,9,13.257,123.685
263320,Lamongan,1872,9,-7.981,113.341
332020,Mauna Loa,1872,8,19.475,-155.608
357070,"Chillan, Nevados de",1872,8,-36.868,-71.378
284140,Farallon de Pajaros,1872,8,20.546,144.893
357110,Llaima,1872,8,-38.692,-71.729
283140,Nikko-Shiranesan,1872,8,36.799,139.376
263250,Merapi,1872,7,-7.54,110.446
341040,Colima,1872,7,19.514,-103.62
251010,Bam,1872,7,-3.613,144.818
233010,Karthala,1872,6,-11.75,43.38
373030,Bardarbunga,1872,6,64.633,-17.516
290290,Sinarka,1872,6,48.873,154.182
273030,Mayon,1871,6,13.257,123.685
271060,Ragang,1871,6,7.691,124.507
261140,Marapi,1871,5,-0.38,100.474
264110,Iya,1871,5,-8.891,121.641
332020,Mauna Loa,1871,4,19.475,-155.608
268060,Gamalama,1871,4,0.81,127.3322
233020,"Fournaise, Piton de la",1871,3,-21.244,55.708
271080,Camiguin,1871,3,9.203,124.673
261140,Marapi,1871,3,-0.38,100.474
284090,Izu-Torishima,1871,2,30.484,140.303
267010,Ruang,1871,2,2.3058,125.3671
352010,Reventador,1871,2,-0.077,-77.656
224010,Cameroon,1871,2,4.203,9.17
212050,Nisyros,1871,1,36.5888,27.1553
222030,"Barrier, The",1871,1,2.32,36.57
390030,Deception Island,1871,1,-62.9567,-60.6367
284070,Myojinsho,1871,1,31.888,139.918
257040,Ambrym,1871,12,-16.25,168.12
256010,Tinakula,1871,11,-10.386,165.804
357120,Villarrica,1871,11,-39.42,-71.93
211020,Vesuvius,1870,16,40.821,14.426
351060,Purace,1870,16,2.3095,-76.3948
267010,Ruang,1870,16,2.3058,125.3671
263320,Lamongan,1870,16,-7.981,113.341
263060,Gede-Pangrango,1870,16,-6.786,106.983
242030,Raoul Island,1870,9,-29.27,-177.92
284080,Sumisujima,1870,9,31.44,140.051
241080,Tongariro,1870,9,-39.157,175.632
263320,Lamongan,1870,9,-7.981,113.341
341030,Ceboruco,1870,9,21.125,-104.508
341040,Colima,1870,8,19.514,-103.62
344090,Momotombo,1870,8,12.423,-86.539
352050,Cotopaxi,1870,7,-0.677,-78.436
264250,Iliwerung,1870,7,-8.532,123.573
257030,Ambae,1870,7,-15.389,167.835
284010,Izu-Oshima,1870,6,34.724,139.394
321010,Baker,1870,6,48.777,-121.813
351060,Purace,1869,6,2.3095,-76.3948
354020,Ubinas,1869,6,-16.345,-70.8972
211060,Etna,1869,6,37.748,14.999
263320,Lamongan,1869,6,-7.981,113.341
355030,Isluga,1869,5,-19.15,-68.83
241080,Tongariro,1869,5,-39.157,175.632
352020,Guagua Pichincha,1869,5,-0.171,-78.598
264180,Lewotobi,1869,4,-8.542,122.775
352050,Cotopaxi,1869,3,-0.677,-78.436
341040,Colima,1869,3,19.514,-103.62
284070,Myojinsho,1869,2,31.888,139.918
283110,Asamayama,1869,2,36.406,138.523
263320,Lamongan,1869,2,-7.981,113.341
357110,Llaima,1869,2,-38.692,-71.729
343030,Izalco,1869,1,13.813,-89.633
352020,Guagua Pichincha,1869,1,-0.171,-78.598
256010,Tinakula,1869,1,-10.386,165.804
357120,Villarrica,1869,12,-39.42,-71.93
358063,Reclus,1869,12,-50.9395,-73.5802
358010,Osorno,1869,12,-41.105,-72.496
241080,Tongariro,1869,12,-39.157,175.632
233020,"Fournaise, Piton de la",1869,12,-21.244,55.708
357080,Antuco,1869,11,-37.406,-71.349
300070,Gorely,1869,11,52.5549,158.0358
273030,Mayon,1868,11,13.257,123.685
264180,Lewotobi,1868,11,-8.542,122.775
211060,Etna,1868,16,37.748,14.999
268060,Gamalama,1868,16,0.81,127.3322
261220,Kaba,1868,16,-3.522,102.615
355110,Llullaillaco,1868,16,-24.72,-68.53
352050,Cotopaxi,1868,9,-0.677,-78.436
352020,Guagua Pichincha,1868,9,-0.171,-78.598
264180,Lewotobi,1868,9,-8.542,122.775
264110,Iya,1868,9,-8.891,121.641
332020,Mauna Loa,1868,9,19.475,-155.608
352020,Guagua Pichincha,1868,9,-0.171,-78.598
268060,Gamalama,1868,8,0.81,127.3322
233020,"Fournaise, Piton de la",1868,8,-21.244,55.708
343030,Izalco,1868,8,13.813,-89.633
282020,Io-Torishima,1868,8,27.881,128.223
268010,Dukono,1868,8,1.6992,127.8783
355030,Isluga,1868,7,-19.15,-68.83
224010,Cameroon,1868,7,4.203,9.17
343100,San Miguel,1867,7,13.434,-88.269
263310,Tengger Caldera,1867,5,-7.942,112.95
373100,Tjornes Fracture Zone,1867,5,66.309,-17.118
344070,"Negro, Cerro",1867,5,12.506,-86.702
283190,Zaozan [Zaosan],1867,5,38.144,140.44
285040,Shikotsu,1867,5,42.688,141.38
373010,Grimsvotn,1867,4,64.416,-17.316
382050,Terceira,1867,3,38.73,-27.32
354020,Ubinas,1867,2,-16.345,-70.8972
263300,Semeru,1867,2,-8.108,112.922
243110,Niuafo'ou,1867,2,-15.6,-175.63
343030,Izalco,1867,2,13.813,-89.633
264110,Iya,1867,2,-8.891,121.641
211070,Campi Flegrei del Mar di Sicilia,1867,1,37.1,12.7
352050,Cotopaxi,1867,1,-0.677,-78.436
357090,Copahue,1867,12,-37.856,-71.183
283260,Akita-Yakeyama,1867,12,39.964,140.757
313020,Iliamna,1867,12,60.032,-153.09
311320,Akutan,1867,11,54.134,-165.986
352050,Cotopaxi,1866,11,-0.677,-78.436
263060,Gede-Pangrango,1866,16,-6.786,106.983
244010,Ofu-Olosega,1866,16,-14.175,-169.618
263310,Tengger Caldera,1866,9,-7.942,112.95
343030,Izalco,1866,8,13.813,-89.633
312030,Pavlof,1866,8,55.417,-161.894
212040,Santorini,1866,8,36.404,25.396
224010,Cameroon,1866,7,4.203,9.17
345070,Turrialba,1866,7,10.025,-83.767
357110,Llaima,1866,6,-38.692,-71.729
272020,Kanlaon,1866,6,10.4096,123.13
332020,Mauna Loa,1865,6,19.475,-155.608
263310,Tengger Caldera,1865,6,-7.942,112.95
263250,Merapi,1865,6,-7.54,110.446
351080,Galeras,1865,6,1.22,-77.37
322010,Hood,1865,5,45.374,-121.695
300260,Klyuchevskoy,1865,5,56.056,160.642
381040,Pico Fracture Zone,1865,5,38.75,-38.08
264180,Lewotobi,1865,5,-8.542,122.775
263300,Semeru,1865,4,-8.108,112.922
263310,Tengger Caldera,1865,4,-7.942,112.95
233020,"Fournaise, Piton de la",1865,4,-21.244,55.708
211060,Etna,1865,3,37.748,14.999
224010,Cameroon,1865,3,4.203,9.17
233010,Karthala,1865,3,-11.75,43.38
354020,Ubinas,1865,3,-16.345,-70.8972
264140,Kelimutu,1865,3,-8.77,121.82
255020,Bagana,1865,2,-6.137,155.196
271040,Makaturing,1865,2,7.644,124.317
311320,Akutan,1865,1,54.134,-165.986
311310,Makushin,1865,1,53.891,-166.923
223020,Nyamulagira,1865,1,-1.408,29.2
268060,Gamalama,1864,11,0.81,127.3322
241080,Tongariro,1864,11,-39.157,175.632
357070,"Chillan, Nevados de",1864,11,-36.868,-71.378
357130,Mocho-Choshuenco,1864,11,-39.927,-72.027
357120,Villarrica,1864,16,-39.42,-71.93
268070,Kie Besi,1864,16,0.32,127.4
345060,Irazu,1864,16,9.979,-83.852
345070,Turrialba,1864,9,10.025,-83.767
211060,Etna,1864,9,37.748,14.999
263340,Raung,1864,8,-8.119,114.056
263320,Lamongan,1864,8,-7.981,113.341
257050,Lopevi,1864,8,-16.507,168.346
267020,Karangetang,1864,8,2.781,125.407
343030,Izalco,1864,8,13.813,-89.633
211020,Vesuvius,1864,7,40.821,14.426
268060,Gamalama,1864,7,0.81,127.3322
284140,Farallon de Pajaros,1864,6,20.546,144.893
263280,Kelud,1864,6,-7.935,112.314
284170,Pagan,1864,6,18.13,145.8
264230,Lewotolok,1864,5,-8.274,123.508
357110,Llaima,1864,5,-38.692,-71.729
233020,"Fournaise, Piton de la",1863,5,-21.244,55.708
357080,Antuco,1863,5,-37.406,-71.349
268070,Kie Besi,1863,5,0.32,127.4
211070,Campi Flegrei del Mar di Sicilia,1863,4,37.1,12.7
355030,Isluga,1863,4,-19.15,-68.83
321010,Baker,1863,3,48.777,-121.813
261140,Marapi,1863,3,-0.38,100.474
211060,Etna,1863,2,37.748,14.999
283270,Iwakisan,1863,1,40.656,140.303
257050,Lopevi,1863,1,-16.507,168.346
257040,Ambrym,1863,1,-16.25,168.12
241080,Tongariro,1863,1,-39.157,175.632
221010,"Tair, Jebel at",1863,12,15.55,41.83
222100,Longonot,1863,12,-0.914,36.446
352050,Cotopaxi,1863,11,-0.677,-78.436
343030,Izalco,1863,11,13.813,-89.633
268060,Gamalama,1862,11,0.81,127.3322
373030,Bardarbunga,1862,16,64.633,-17.516
263250,Merapi,1862,9,-7.54,110.446
343100,San Miguel,1862,9,13.434,-88.269
241080,Tongariro,1862,9,-39.157,175.632
354020,Ubinas,1862,9,-16.345,-70.8972
357110,Llaima,1862,9,-38.692,-71.729
273030,Mayon,1862,8,13.257,123.685
271080,Camiguin,1862,6,9.203,124.673
268070,Kie Besi,1861,6,0.32,127.4
357070,"Chillan, Nevados de",1861,6,-36.868,-71.378
241100,Ruapehu,1861,5,-39.28,175.57
221100,Dubbi,1861,5,13.579,41.809
264180,Lewotobi,1861,4,-8.542,122.775
261140,Marapi,1861,4,-0.38,100.474
233020,"Fournaise, Piton de la",1861,4,-21.244,55.708
357080,Antuco,1861,4,-37.406,-71.349
382080,Sete Cidades,1861,3,37.865,-25.785
357010,Tupungatito,1861,3,-33.425,-69.797
263250,Merapi,1861,3,-7.54,110.446
263320,Lamongan,1861,2,-7.981,113.341
257010,Suretamatai,1861,1,-13.8,167.47
273030,Mayon,1861,1,13.257,123.685
233010,Karthala,1860,1,-11.75,43.38
273090,Cagua,1860,1,18.222,122.123
264050,Sangeang Api,1860,1,-8.2,119.07
263340,Raung,1860,1,-8.119,114.056
342090,Fuego,1860,12,14.4748,-90.8806
357070,"Chillan, Nevados de",1860,11,-36.868,-71.378
290390,Alaid,1860,11,50.861,155.565
263310,Tengger Caldera,1860,11,-7.942,112.95
372030,Katla,1860,11,63.633,-19.083
263300,Semeru,1860,11,-8.108,112.922
263180,Slamet,1860,11,-7.242,109.208
233020,"Fournaise, Piton de la",1860,16,-21.244,55.708
357040,Planchon-Peteroa,1860,16,-35.223,-70.568
353050,"Negra, Sierra",1860,16,-0.83,-91.17
345040,Poas,1860,16,10.2,-84.233
352050,Cotopaxi,1860,9,-0.677,-78.436
351060,Purace,1860,9,2.3095,-76.3948
334140,Southern EPR at 18.5°S (Segment I),1860,8,-18.53,-113.42
274030,Babuyan Claro,1860,8,19.524,121.95
273030,Mayon,1860,8,13.257,123.685
282080,Aira,1860,8,31.5772,130.6589
290090,Chirippusan [Chirip],1860,7,45.338,147.92
263340,Raung,1859,7,-8.119,114.056
343030,Izalco,1859,7,13.813,-89.633
321010,Baker,1859,7,48.777,-121.813
290380,Ebeko,1859,7,50.686,156.014
353020,Wolf,1859,7,0.02,-91.35
344010,Cosiguina,1859,7,12.98,-87.57
322010,Hood,1859,7,45.374,-121.695
357120,Villarrica,1859,6,-39.42,-71.93
233020,"Fournaise, Piton de la",1859,6,-21.244,55.708
241080,Tongariro,1859,6,-39.157,175.632
263320,Lamongan,1859,5,-7.981,113.341
263310,Tengger Caldera,1859,5,-7.942,112.95
332020,Mauna Loa,1859,5,19.475,-155.608
352050,Cotopaxi,1859,5,-0.677,-78.436
233010,Karthala,1859,5,-11.75,43.38
265070,Serua,1859,4,-6.312,130.017
273030,Mayon,1859,4,13.257,123.685
344100,Masaya,1858,4,11.9844,-86.1688
233020,"Fournaise, Piton de la",1858,3,-21.244,55.708
352050,Cotopaxi,1858,3,-0.677,-78.436
263310,Tengger Caldera,1858,2,-7.942,112.95
355100,Lascar,1858,2,-23.37,-67.73
263310,Tengger Caldera,1858,2,-7.942,112.95
271060,Ragang,1858,1,7.691,124.507
343030,Izalco,1858,1,13.813,-89.633
273030,Mayon,1858,1,13.257,123.685
233010,Karthala,1858,1,-11.75,43.38
344090,Momotombo,1858,11,12.423,-86.539
265070,Serua,1858,11,-6.312,130.017
243070,Lateiki,1858,11,-19.18,-174.87
321010,Baker,1858,11,48.777,-121.813
343100,San Miguel,1857,16,13.434,-88.269
342090,Fuego,1857,16,14.4748,-90.8806
352080,Tungurahua,1857,16,-1.467,-78.442
263300,Semeru,1857,16,-8.108,112.922
256010,Tinakula,1857,9,-10.386,165.804
290150,Chirpoi,1857,9,46.532,150.871
384010,Fogo,1857,9,14.95,-24.35
321050,St. Helens,1857,8,46.2,-122.18
343030,Izalco,1857,8,13.813,-89.633
241080,Tongariro,1857,8,-39.157,175.632
342090,Fuego,1857,8,14.4748,-90.8806
352050,Cotopaxi,1857,7,-0.677,-78.436
273030,Mayon,1857,7,13.257,123.685
211040,Stromboli,1857,6,38.789,15.213
233010,Karthala,1857,6,-11.75,43.38
263310,Tengger Caldera,1857,6,-7.942,112.95
274010,Camiguin de Babuyanes,1857,5,18.83,121.86
285090,Shiretoko-Iozan,1857,5,44.133,145.161
285050,Tokachidake,1857,5,43.418,142.686
352010,Reventador,1856,5,-0.077,-77.656
344100,Masaya,1856,4,11.9844,-86.1688
271060,Ragang,1856,4,7.691,124.507
352050,Cotopaxi,1856,3,-0.677,-78.436
274020,Didicas,1856,3,19.077,122.202
342090,Fuego,1856,3,14.4748,-90.8806
285020,Hokkaido-Komagatake,1856,3,42.063,140.677
263310,Tengger Caldera,1856,3,-7.942,112.95
263300,Semeru,1856,2,-8.108,112.922
267010,Ruang,1856,2,2.3058,125.3671
343030,Izalco,1856,2,13.813,-89.633
352050,Cotopaxi,1856,1,-0.677,-78.436
261050,"Telong, Bur ni",1856,1,4.769,96.821
282110,Asosan,1856,12,32.8849,131.085
267040,Awu,1856,12,3.689,125.447
263320,Lamongan,1856,12,-7.981,113.341
342090,Fuego,1856,12,14.4748,-90.8806
257010,Suretamatai,1856,11,-13.8,167.47
211020,Vesuvius,1855,11,40.821,14.426
343100,San Miguel,1855,11,13.434,-88.269
352050,Cotopaxi,1855,16,-0.677,-78.436
261140,Marapi,1855,16,-0.38,100.474
342090,Fuego,1855,16,14.4748,-90.8806
332020,Mauna Loa,1855,9,19.475,-155.608
256010,Tinakula,1855,9,-10.386,165.804
233010,Karthala,1855,9,-11.75,43.38
300100,Avachinsky,1855,9,53.256,158.836
345070,Turrialba,1855,9,10.025,-83.767
273030,Mayon,1855,8,13.257,123.685
282020,Io-Torishima,1855,8,27.881,128.223
213030,Tenduruk Dagi,1855,8,39.356,43.874
241080,Tongariro,1855,8,-39.157,175.632
222130,Chyulu Hills,1855,8,-2.68,37.88
358010,Osorno,1855,8,-41.105,-72.496
290290,Sinarka,1855,7,48.873,154.182
211020,Vesuvius,1854,7,40.821,14.426
352050,Cotopaxi,1854,7,-0.677,-78.436
300130,Karymsky,1854,7,54.049,159.443
261140,Marapi,1854,6,-0.38,100.474
300100,Avachinsky,1854,5,53.256,158.836
290340,Fuss Peak,1854,4,50.267,155.246
290390,Alaid,1854,4,50.861,155.565
290150,Chirpoi,1854,3,46.532,150.871
343030,Izalco,1854,3,13.813,-89.633
264010,Batur,1854,3,-8.2403,115.3775
352050,Cotopaxi,1854,3,-0.677,-78.436
282110,Asosan,1854,3,32.8849,131.085
300270,Sheveluch,1854,3,56.653,161.36
355110,Llullaillaco,1854,3,-24.72,-68.53
344090,Momotombo,1854,3,12.423,-86.539
321050,St. Helens,1854,3,46.2,-122.18
355100,Lascar,1854,3,-23.37,-67.73
345020,Rincon de la Vieja,1854,3,10.83,-85.324
373010,Grimsvotn,1854,2,64.416,-17.316
283090,Niigata-Yakeyama,1854,2,36.921,138.036
243090,Late,1854,2,-18.806,-174.65
243060,Tofua,1854,2,-19.75,-175.07
321010,Baker,1854,12,48.777,-121.813
300100,Avachinsky,1853,12,53.256,158.836
300060,Mutnovsky,1853,12,52.449,158.196
290360,Chikurachki,1853,12,50.324,155.461
261220,Kaba,1853,11,-3.522,102.615
357120,Villarrica,1853,11,-39.42,-71.93
281031,Kueishantao,1853,11,24.841,121.953
300260,Klyuchevskoy,1853,11,56.056,160.642
352050,Cotopaxi,1853,11,-0.677,-78.436
273030,Mayon,1853,16,13.257,123.685
243110,Niuafo'ou,1853,16,-15.6,-175.63
342060,Atitlan,1853,16,14.583,-91.186
285030,Toya,1853,16,42.544,140.839
344100,Masaya,1853,9,11.9844,-86.1688
321050,St. Helens,1853,9,46.2,-122.18
263060,Gede-Pangrango,1853,8,-6.786,106.983
357100,Lonquimay,1853,8,-38.379,-71.586
261230,Dempo,1853,7,-4.016,103.121
300060,Mutnovsky,1853,7,52.449,158.196
345020,Rincon de la Vieja,1853,7,10.83,-85.324
345070,Turrialba,1853,6,10.025,-83.767
321010,Baker,1852,5,48.777,-121.813
344010,Cosiguina,1852,5,12.98,-87.57
283090,Niigata-Yakeyama,1852,5,36.921,138.036
357080,Antuco,1852,4,-37.406,-71.349
264230,Lewotolok,1852,4,-8.274,123.508
211060,Etna,1852,4,37.748,14.999
300260,Klyuchevskoy,1852,4,56.056,160.642
344100,Masaya,1852,4,11.9844,-86.1688
263060,Gede-Pangrango,1852,4,-6.786,106.983
300140,Maly Semyachik,1852,4,54.135,159.674
300060,Mutnovsky,1852,3,52.449,158.196
384010,Fogo,1852,3,14.95,-24.35
332020,Mauna Loa,1852,3,19.475,-155.608
300260,Klyuchevskoy,1852,3,56.056,160.642
300130,Karymsky,1852,3,54.049,159.443
311320,Akutan,1852,2,54.134,-165.986
344090,Momotombo,1852,2,12.423,-86.539
352050,Cotopaxi,1852,2,-0.677,-78.436
357110,Llaima,1852,1,-38.692,-71.729
224010,Cameroon,1852,1,4.203,9.17
233020,"Fournaise, Piton de la",1852,1,-21.244,55.708
243080,Home Reef,1852,1,-18.992,-174.775
300100,Avachinsky,1851,1,53.256,158.836
300140,Maly Semyachik,1851,1,54.135,159.674
332020,Mauna Loa,1851,1,19.475,-155.608
360120,Pelee,1851,12,14.809,-61.166
352050,Cotopaxi,1851,11,-0.677,-78.436
273030,Mayon,1851,11,13.257,123.685
263280,Kelud,1851,11,-7.935,112.314
263300,Semeru,1851,11,-8.108,112.922
243070,Lateiki,1851,11,-19.18,-174.87
233020,"Fournaise, Piton de la",1851,16,-21.244,55.708
358010,Osorno,1851,16,-41.105,-72.496
376010,Jan Mayen,1851,16,71.082,-8.155
233020,"Fournaise, Piton de la",1850,16,-21.244,55.708
344070,"Negro, Cerro",1850,16,12.506,-86.702
321050,St. Helens,1850,9,46.2,-122.18
343030,Izalco,1850,9,13.813,-89.633
341120,"Chichon, El",1850,9,17.3602,-93.2297
352050,Cotopaxi,1850,9,-0.677,-78.436
353060,"Azul, Cerro",1850,8,-0.92,-91.408
233010,Karthala,1850,8,-11.75,43.38
390031,Penguin Island,1850,7,-62.1,-57.93
357160,Puntiagudo-Cordon Cenizos,1850,7,-40.969,-72.264
252140,Rabaul,1850,7,-4.2459,152.1937
357120,Villarrica,1850,7,-39.42,-71.93
263340,Raung,1849,7,-8.119,114.056
263180,Slamet,1849,6,-7.242,109.208
268060,Gamalama,1849,6,0.81,127.3322
264230,Lewotolok,1849,6,-8.274,123.508
353020,Wolf,1849,6,0.02,-91.35
263250,Merapi,1849,6,-7.54,110.446
263320,Lamongan,1849,6,-7.981,113.341
332020,Mauna Loa,1849,5,19.475,-155.608
263250,Merapi,1849,5,-7.54,110.446
264010,Batur,1849,5,-8.2403,115.3775
344090,Momotombo,1849,5,12.423,-86.539
345020,Rincon de la Vieja,1849,4,10.83,-85.324
233020,"Fournaise, Piton de la",1849,4,-21.244,55.708
290161,Milna,1849,4,46.815,151.786
263300,Semeru,1848,3,-8.108,112.922
263280,Kelud,1848,3,-7.935,112.314
263060,Gede-Pangrango,1848,3,-6.786,106.983
321050,St. Helens,1848,3,46.2,-122.18
311320,Akutan,1848,3,54.134,-165.986
263300,Semeru,1848,2,-8.108,112.922
290300,Kharimkotan,1848,2,49.12,154.508
233020,"Fournaise, Piton de la",1848,2,-21.244,55.708
233010,Karthala,1848,2,-11.75,43.38
355100,Lascar,1848,2,-23.37,-67.73
300060,Mutnovsky,1848,1,52.449,158.196
290010,Tomariyama [Golovnin],1848,1,43.844,145.504
300260,Klyuchevskoy,1848,1,56.056,160.642
263200,Dieng Volcanic Complex,1847,1,-7.2,109.879
351060,Purace,1847,16,2.3095,-76.3948
263060,Gede-Pangrango,1847,9,-6.786,106.983
263130,Guntur,1847,9,-7.143,107.841
263320,Lamongan,1847,8,-7.981,113.341
268060,Gamalama,1847,7,0.81,127.3322
243060,Tofua,1847,7,-19.75,-175.07
243061,Kao,1847,7,-19.668,-175.016
345060,Irazu,1847,7,9.979,-83.852
384010,Fogo,1847,7,14.95,-24.35
263320,Lamongan,1847,7,-7.981,113.341
321050,St. Helens,1847,6,46.2,-122.18
263180,Slamet,1847,6,-7.242,109.208
268060,Gamalama,1847,6,0.81,127.3322
264260,"Tara, Batu",1847,6,-7.791,123.585
233020,"Fournaise, Piton de la",1847,5,-21.244,55.708
357060,"Azul, Cerro",1846,5,-35.653,-70.761
285011,Esan,1846,5,41.805,141.166
353010,Fernandina,1846,5,-0.37,-91.55
211070,Campi Flegrei del Mar di Sicilia,1846,5,37.1,12.7
264030,Rinjani,1846,5,-8.42,116.47
263250,Merapi,1846,4,-7.54,110.446
265070,Serua,1846,4,-6.312,130.017
283150,Nasudake,1846,4,37.125,139.963
312030,Pavlof,1846,4,55.417,-161.894
243100,Fonualei,1846,4,-18.023,-174.317
263090,Tangkuban Parahu,1846,3,-6.77,107.6
268060,Gamalama,1846,3,0.81,127.3322
273030,Mayon,1846,2,13.257,123.685
263250,Merapi,1846,2,-7.54,110.446
342110,Pacaya,1846,12,14.382,-90.601
341100,"Orizaba, Pico de",1846,12,19.03,-97.27
233020,"Fournaise, Piton de la",1846,11,-21.244,55.708
266110,Mahawu,1846,11,1.352,124.865
290300,Kharimkotan,1846,11,49.12,154.508
284010,Izu-Oshima,1846,11,34.724,139.394
290220,Rasshua,1846,11,47.77,153.02
290290,Sinarka,1846,11,48.873,154.182
261140,Marapi,1845,16,-0.38,100.474
372070,Hekla,1845,16,63.983,-19.666
312030,Pavlof,1845,16,55.417,-161.894
243060,Tofua,1845,16,-19.75,-175.07
261160,Talang,1845,16,-0.979,100.681
283270,Iwakisan,1845,16,40.656,140.303
352050,Cotopaxi,1845,16,-0.677,-78.436
357080,Antuco,1845,16,-37.406,-71.349
351020,"Ruiz, Nevado del",1845,9,4.892,-75.324
266030,Soputan,1845,9,1.112,124.737
263060,Gede-Pangrango,1845,8,-6.786,106.983
273030,Mayon,1845,8,13.257,123.685
263300,Semeru,1845,8,-8.108,112.922
266020,Ambang,1845,7,0.75,124.42
233020,"Fournaise, Piton de la",1845,6,-21.244,55.708
290120,Kolokol Group,1845,6,46.042,150.083
233020,"Fournaise, Piton de la",1844,6,-21.244,55.708
263310,Tengger Caldera,1844,5,-7.942,112.95
241080,Tongariro,1844,5,-39.157,175.632
263300,Semeru,1844,5,-8.108,112.922
265070,Serua,1844,5,-6.312,130.017
343100,San Miguel,1844,5,13.434,-88.269
343030,Izalco,1844,5,13.813,-89.633
345020,Rincon de la Vieja,1844,4,10.83,-85.324
264110,Iya,1844,4,-8.891,121.641
283270,Iwakisan,1844,3,40.656,140.303
233020,"Fournaise, Piton de la",1844,2,-21.244,55.708
352050,Cotopaxi,1844,1,-0.677,-78.436
352010,Reventador,1844,1,-0.077,-77.656
353050,"Negra, Sierra",1844,1,-0.83,-91.17
352010,Reventador,1843,1,-0.077,-77.656
263130,Guntur,1843,1,-7.143,107.841
211060,Etna,1843,1,37.748,14.999
261160,Talang,1843,12,-0.979,100.681
263320,Lamongan,1843,12,-7.981,113.341
263060,Gede-Pangrango,1843,12,-6.786,106.983
342060,Atitlan,1843,11,14.583,-91.186
290200,Ketoi,1843,11,47.35,152.475
268060,Gamalama,1843,11,0.81,127.3322
332020,Mauna Loa,1843,16,19.475,-155.608
263130,Guntur,1843,16,-7.143,107.841
263310,Tengger Caldera,1843,16,-7.942,112.95
264020,Agung,1843,9,-8.343,115.508
266130,Tangkoko-Duasudara,1843,9,1.518,125.185
352010,Reventador,1843,9,-0.077,-77.656
233020,"Fournaise, Piton de la",1843,8,-21.244,55.708
290090,Chirippusan [Chirip],1843,7,45.338,147.92
321010,Baker,1843,7,48.777,-121.813
321050,St. Helens,1842,6,46.2,-122.18
211060,Etna,1842,6,37.748,14.999
268060,Gamalama,1842,5,0.81,127.3322
290161,Milna,1842,5,46.815,151.786
233020,"Fournaise, Piton de la",1842,5,-21.244,55.708
255020,Bagana,1842,5,-6.137,155.196
390030,Deception Island,1842,4,-62.9567,-60.6367
263310,Tengger Caldera,1842,4,-7.942,112.95
263300,Semeru,1842,4,-8.108,112.922
263090,Tangkuban Parahu,1842,3,-6.77,107.6
261170,Kerinci,1842,2,-1.697,101.264
273070,Taal,1842,2,14.0106,120.9975
345060,Irazu,1842,2,9.979,-83.852
343030,Izalco,1842,1,13.813,-89.633
311360,Shishaldin,1842,1,54.756,-163.97
263130,Guntur,1841,1,-7.143,107.841
211020,Vesuvius,1841,1,40.821,14.426
263320,Lamongan,1841,1,-7.981,113.341
282050,Kuchinoerabujima,1841,12,30.443,130.217
258020,Hunter Island,1841,12,-22.4,172.05
390020,Erebus,1841,11,-77.53,167.17
241080,Tongariro,1841,16,-39.157,175.632
357120,Villarrica,1841,9,-39.42,-71.93
263060,Gede-Pangrango,1840,9,-6.786,106.983
213040,Ararat,1840,8,39.7,44.3
263130,Guntur,1840,8,-7.143,107.841
268060,Gamalama,1840,7,0.81,127.3322
271060,Ragang,1840,7,7.691,124.507
263250,Merapi,1840,7,-7.54,110.446
256010,Tinakula,1840,7,-10.386,165.804
267010,Ruang,1840,7,2.3058,125.3671
282050,Kuchinoerabujima,1840,7,30.443,130.217
334120,Southern EPR at 17.5°S (Segment K),1840,6,-17.436,-113.206
351060,Purace,1840,6,2.3095,-76.3948
300260,Klyuchevskoy,1840,6,56.056,160.642
283080,Midagahara,1839,6,36.571,137.59
390010,Buckle Island,1839,5,-66.78,163.25
241080,Tongariro,1839,5,-39.157,175.632
268060,Gamalama,1839,5,0.81,127.3322
261050,"Telong, Bur ni",1839,5,4.769,96.821
261230,Dempo,1839,5,-4.016,103.121
273030,Mayon,1839,4,13.257,123.685
224010,Cameroon,1838,3,4.203,9.17
263320,Lamongan,1838,3,-7.981,113.341
312070,Veniaminof,1838,3,56.17,-159.38
211060,Etna,1838,3,37.748,14.999
263320,Lamongan,1838,3,-7.981,113.341
263300,Semeru,1838,3,-8.108,112.922
373010,Grimsvotn,1838,3,64.416,-17.316
282110,Asosan,1838,2,32.8849,131.085
268060,Gamalama,1838,2,0.81,127.3322
263340,Raung,1838,2,-8.119,114.056
261170,Kerinci,1838,2,-1.697,101.264
357020,San Jose,1838,2,-33.789,-69.895
343030,Izalco,1838,2,13.813,-89.633
311360,Shishaldin,1838,1,54.756,-163.97
312030,Pavlof,1838,1,55.417,-161.894
358010,Osorno,1837,12,-41.105,-72.496
357120,Villarrica,1837,11,-39.42,-71.93
282110,Asosan,1837,11,32.8849,131.085
261050,"Telong, Bur ni",1837,16,4.769,96.821
263250,Merapi,1837,16,-7.54,110.446
342060,Atitlan,1837,16,14.583,-91.186
357040,Planchon-Peteroa,1837,9,-35.223,-70.568
360060,Soufriere Guadeloupe,1836,8,16.044,-61.664
263130,Guntur,1836,8,-7.143,107.841
263300,Semeru,1836,7,-8.108,112.922
283080,Midagahara,1836,7,36.571,137.59
267010,Ruang,1836,6,2.3058,125.3671
241040,Whakaari/White Island,1836,6,-37.52,177.18
343030,Izalco,1836,6,13.813,-89.633
357120,Villarrica,1836,6,-39.42,-71.93
284040,Miyakejima,1835,5,34.094,139.526
263180,Slamet,1835,5,-7.242,109.208
282110,Asosan,1835,5,32.8849,131.085
267030,Banua Wuhu,1835,5,3.1463,125.4422
321050,St. Helens,1835,5,46.2,-122.18
358040,Michinmahuida,1835,5,-42.799,-72.445
356020,Robinson Crusoe,1835,4,-33.658,-78.85
351060,Purace,1835,4,2.3095,-76.3948
344010,Cosiguina,1835,4,12.98,-87.57
268060,Gamalama,1835,3,0.81,127.3322
211020,Vesuvius,1835,3,40.821,14.426
357040,Planchon-Peteroa,1835,3,-35.223,-70.568
282021,Yokoatejima,1835,3,28.797,128.997
263310,Tengger Caldera,1835,3,-7.942,112.95
263280,Kelud,1835,3,-7.935,112.314
255070,Savo,1835,3,-9.13,159.82
258020,Hunter Island,1835,2,-22.4,172.05
263130,Guntur,1834,2,-7.143,107.841
358010,Osorno,1834,2,-41.105,-72.496
358040,Michinmahuida,1834,2,-42.799,-72.445
261220,Kaba,1834,2,-3.522,102.615
283220,Chokaisan,1834,1,39.099,140.049
271060,Ragang,1834,1,7.691,124.507
273030,Mayon,1834,1,13.257,123.685
351080,Galeras,1834,12,1.22,-77.37
345040,Poas,1834,12,10.2,-84.233
221010,"Tair, Jebel at",1833,11,15.55,41.83
290380,Ebeko,1833,11,50.686,156.014
261220,Kaba,1833,11,-3.522,102.615
261160,Talang,1833,11,-0.979,100.681
263130,Guntur,1833,11,-7.143,107.841
268060,Gamalama,1833,11,0.81,127.3322
283190,Zaozan [Zaosan],1833,16,38.144,140.44
266030,Soputan,1833,16,1.112,124.737
261140,Marapi,1833,9,-0.38,100.474
233010,Karthala,1833,9,-11.75,43.38
342060,Atitlan,1833,8,14.583,-91.186
263250,Merapi,1832,8,-7.54,110.446
357120,Villarrica,1832,8,-39.42,-71.93
211060,Etna,1832,7,37.748,14.999
263060,Gede-Pangrango,1832,7,-6.786,106.983
263130,Guntur,1832,7,-7.143,107.841
332020,Mauna Loa,1832,7,19.475,-155.608
282090,Kirishimayama,1832,7,31.934,130.862
263300,Semeru,1832,6,-8.108,112.922
260010,Barren Island,1832,5,12.278,93.858
233020,"Fournaise, Piton de la",1832,5,-21.244,55.708
300070,Gorely,1832,4,52.5549,158.0358
263130,Guntur,1832,4,-7.143,107.841
283190,Zaozan [Zaosan],1831,4,38.144,140.44
321050,St. Helens,1831,3,46.2,-122.18
211070,Campi Flegrei del Mar di Sicilia,1831,3,37.1,12.7
268060,Gamalama,1831,3,0.81,127.3322
351020,"Ruiz, Nevado del",1831,2,4.892,-75.324
352020,Guagua Pichincha,1831,2,-0.171,-78.598
263300,Semeru,1830,1,-8.108,112.922
263310,Tengger Caldera,1830,12,-7.942,112.95
311360,Shishaldin,1830,12,54.756,-163.97
233020,"Fournaise, Piton de la",1830,12,-21.244,55.708
282110,Asosan,1830,11,32.8849,131.085
311350,Fisher,1830,16,54.65,-164.43
371020,Reykjanes,1830,16,63.817,-22.717
263310,Tengger Caldera,1830,9,-7.942,112.95
282110,Asosan,1830,8,32.8849,131.085
263320,Lamongan,1830,7,-7.981,113.341
264100,Ebulobo,1830,7,-8.817,121.191
251020,Manam,1830,7,-4.08,145.037
283190,Zaozan [Zaosan],1830,6,38.144,140.44
233010,Karthala,1830,6,-11.75,43.38
354020,Ubinas,1830,5,-16.345,-70.8972
352020,Guagua Pichincha,1830,5,-0.171,-78.598
311270,Vsevidof,1830,5,53.13,-168.693
311210,Yunaska,1830,5,52.6394,-170.6317
300130,Karymsky,1830,4,54.049,159.443
282020,Io-Torishima,1829,4,27.881,128.223
263310,Tengger Caldera,1829,3,-7.942,112.95
357021,Maipo,1829,3,-34.164,-69.832
300260,Klyuchevskoy,1829,3,56.056,160.642
351020,"Ruiz, Nevado del",1829,3,4.892,-75.324
282110,Asosan,1829,2,32.8849,131.085
263090,Tangkuban Parahu,1829,1,-6.77,107.6
266100,Lokon-Empung,1829,12,1.3644,124.7992
263300,Semeru,1829,12,-8.108,112.922
263320,Lamongan,1829,12,-7.981,113.341
263130,Guntur,1829,12,-7.143,107.841
261120,Sorikmarapi,1829,12,0.686,99.539
357010,Tupungatito,1829,12,-33.425,-69.797
342090,Fuego,1829,11,14.4748,-90.8806
311080,Tanaga,1829,11,51.885,-178.146
357080,Antuco,1828,16,-37.406,-71.349
263250,Merapi,1828,16,-7.54,110.446
351080,Galeras,1828,9,1.22,-77.37
351020,"Ruiz, Nevado del",1828,9,4.892,-75.324
282110,Asosan,1828,9,32.8849,131.085
300070,Gorely,1828,9,52.5549,158.0358
263130,Guntur,1828,9,-7.143,107.841
233010,Karthala,1828,9,-11.75,43.38
300100,Avachinsky,1828,8,53.256,158.836
345040,Poas,1828,8,10.2,-84.233
311230,Carlisle,1828,7,52.894,-170.054
311050,Little Sitkin,1828,7,51.95,178.543
351060,Purace,1827,7,2.3095,-76.3948
282110,Asosan,1827,7,32.8849,131.085
342060,Atitlan,1827,7,14.583,-91.186
273030,Mayon,1827,6,13.257,123.685
300100,Avachinsky,1827,6,53.256,158.836
263130,Guntur,1827,4,-7.143,107.841
282110,Asosan,1827,3,32.8849,131.085
342060,Atitlan,1827,3,14.583,-91.186
390030,Deception Island,1827,2,-62.9567,-60.6367
271080,Camiguin,1827,2,9.203,124.673
311360,Shishaldin,1827,2,54.756,-163.97
311340,Westdahl,1827,2,54.516,-164.65
241040,Whakaari/White Island,1826,1,-37.52,177.18
342060,Atitlan,1826,1,14.583,-91.186
263090,Tangkuban Parahu,1826,1,-6.77,107.6
263200,Dieng Volcanic Complex,1826,12,-7.2,109.879
263280,Kelud,1826,12,-7.935,112.314
311350,Fisher,1826,11,54.65,-164.43
282110,Asosan,1826,11,32.8849,131.085
311310,Makushin,1826,11,53.891,-166.923
351030,"Tolima, Nevado del",1826,11,4.658,-75.33
357021,Maipo,1826,11,-34.164,-69.832
342090,Fuego,1826,16,14.4748,-90.8806
263320,Lamongan,1826,16,-7.981,113.341
311360,Shishaldin,1826,16,54.756,-163.97
357120,Villarrica,1826,9,-39.42,-71.93
263310,Tengger Caldera,1825,9,-7.942,112.95
263180,Slamet,1825,9,-7.242,109.208
263130,Guntur,1825,9,-7.143,107.841
351030,"Tolima, Nevado del",1825,7,4.658,-75.33
353010,Fernandina,1825,7,-0.37,-91.55
355020,Guallatiri,1825,6,-18.42,-69.092
343030,Izalco,1825,6,13.813,-89.633
263200,Dieng Volcanic Complex,1825,6,-7.2,109.879
224010,Cameroon,1825,5,4.203,9.17
263280,Kelud,1825,4,-7.935,112.314
265090,Banda Api,1825,4,-4.523,129.881
273070,Taal,1825,4,14.0106,120.9975
267020,Karangetang,1825,4,2.781,125.407
312030,Pavlof,1825,3,55.417,-161.894
311360,Shishaldin,1825,3,54.756,-163.97
290190,Prevo Peak,1825,3,47.0139,152.1167
284170,Pagan,1825,2,18.13,145.8
233020,"Fournaise, Piton de la",1824,1,-21.244,55.708
383060,Lanzarote,1824,1,29.03,-13.63
211020,Vesuvius,1824,1,40.821,14.426
265090,Banda Api,1824,1,-4.523,129.881
233020,"Fournaise, Piton de la",1824,1,-21.244,55.708
263320,Lamongan,1824,12,-7.981,113.341
221020,Zubair Group,1824,12,15.05,42.18
311360,Shishaldin,1824,12,54.756,-163.97
311290,Okmok,1824,12,53.43,-168.13
311210,Yunaska,1824,11,52.6394,-170.6317
372030,Katla,1823,11,63.633,-19.083
351080,Galeras,1823,16,1.22,-77.37
373012,Thordarhyrna,1823,16,64.267,-17.617
332010,Kilauea,1823,9,19.421,-155.287
345060,Irazu,1823,9,9.979,-83.852
390100,Candlemas Island,1823,9,-57.08,-26.67
390080,Bristol Island,1823,9,-59.017,-26.533
263310,Tengger Caldera,1822,8,-7.942,112.95
263250,Merapi,1822,8,-7.54,110.446
357120,Villarrica,1822,7,-39.42,-71.93
357020,San Jose,1822,7,-33.789,-69.895
351030,"Tolima, Nevado del",1822,7,4.658,-75.33
263140,Galunggung,1822,7,-7.25,108.058
261140,Marapi,1822,7,-0.38,100.474
345060,Irazu,1822,7,9.979,-83.852
283190,Zaozan [Zaosan],1822,6,38.144,140.44
285030,Toya,1822,6,42.544,140.839
282090,Kirishimayama,1822,6,31.934,130.862
284010,Izu-Oshima,1822,5,34.724,139.394
357072,Tromen Volcanic Plateau,1822,5,-37.144,-70.033
357110,Llaima,1822,5,-38.692,-71.729
233010,Karthala,1821,4,-11.75,43.38
372020,Eyjafjallajokull,1821,4,63.633,-19.633
263320,Lamongan,1821,3,-7.981,113.341
283220,Chokaisan,1821,3,39.099,140.049
264050,Sangeang Api,1821,2,-8.2,119.07
264010,Batur,1821,1,-8.2403,115.3775
233020,"Fournaise, Piton de la",1821,1,-21.244,55.708
283190,Zaozan [Zaosan],1821,12,38.144,140.44
284010,Izu-Oshima,1821,12,34.724,139.394
266130,Tangkoko-Duasudara,1821,11,1.518,125.185
211060,Etna,1820,16,37.748,14.999
358090,Fueguino,1820,9,-54.97,-70.262
265090,Banda Api,1820,9,-4.523,129.881
233020,"Fournaise, Piton de la",1820,8,-21.244,55.708
221190,Fentale,1820,8,8.985,39.906
221200,Kone,1820,8,8.8105,39.6946
332010,Kilauea,1820,7,19.421,-155.287
334130,Southern EPR at 18.2°S (Segment J),1820,7,-18.175,-113.35
263310,Tengger Caldera,1820,6,-7.942,112.95
257040,Ambrym,1820,6,-16.25,168.12
272050,Cabalían,1820,6,10.285,125.218
285034,Kuttara,1820,5,42.491,141.16
357080,Antuco,1820,5,-37.406,-71.349
311340,Westdahl,1820,4,54.516,-164.65
321010,Baker,1820,3,48.777,-121.813
390090,Saunders,1819,2,-57.8,-26.483
390130,Zavodovski,1819,2,-56.3,-27.57
264040,Tambora,1819,1,-8.25,118
343100,San Miguel,1819,1,13.434,-88.269
211060,Etna,1819,1,37.748,14.999
353010,Fernandina,1819,1,-0.37,-91.55
341040,Colima,1819,1,19.514,-103.62
266030,Soputan,1819,1,1.112,124.737
264230,Lewotolok,1819,1,-8.274,123.508
300260,Klyuchevskoy,1819,12,56.056,160.642
263300,Semeru,1818,12,-8.108,112.922
263130,Guntur,1818,12,-7.143,107.841
263320,Lamongan,1818,11,-7.981,113.341
376010,Jan Mayen,1818,11,71.082,-8.155
341040,Colima,1818,16,19.514,-103.62
342040,Almolonga,1818,9,14.797,-91.519
263210,Sundoro,1818,9,-7.302,109.996
261230,Dempo,1817,8,-4.016,103.121
311290,Okmok,1817,8,53.43,-168.13
263340,Raung,1817,7,-8.119,114.056
263350,Ijen,1817,7,-8.058,114.242
233020,"Fournaise, Piton de la",1817,7,-21.244,55.708
263320,Lamongan,1817,6,-7.981,113.341
343030,Izalco,1817,6,13.813,-89.633
353010,Fernandina,1817,5,-0.37,-91.55
353050,"Negra, Sierra",1817,4,-0.83,-91.17
311270,Vsevidof,1817,4,53.13,-168.693
312030,Pavlof,1817,4,55.417,-161.894
384010,Fogo,1816,4,14.95,-24.35
233020,"Fournaise, Piton de la",1816,3,-21.244,55.708
265090,Banda Api,1816,3,-4.523,129.881
263130,Guntur,1816,2,-7.143,107.841
282110,Asosan,1816,2,32.8849,131.085
373010,Grimsvotn,1816,1,64.416,-17.316
351060,Purace,1816,1,2.3095,-76.3948
263340,Raung,1815,1,-8.119,114.056
263130,Guntur,1815,12,-7.143,107.841
233020,"Fournaise, Piton de la",1815,12,-21.244,55.708
263310,Tengger Caldera,1815,11,-7.942,112.95
283110,Asamayama,1815,11,36.406,138.523
282110,Asosan,1815,16,32.8849,131.085
233020,"Fournaise, Piton de la",1815,9,-21.244,55.708
357120,Villarrica,1815,9,-39.42,-71.93
233010,Karthala,1814,9,-11.75,43.38
268060,Gamalama,1814,9,0.81,127.3322
233020,"Fournaise, Piton de la",1814,8,-21.244,55.708
353010,Fernandina,1814,8,-0.37,-91.55
242030,Raoul Island,1814,7,-29.27,-177.92
273030,Mayon,1814,7,13.257,123.685
360150,Soufriere St. Vincent,1814,7,13.33,-61.18
282110,Asosan,1814,7,32.8849,131.085
312130,Ugashik-Peulik,1814,7,57.751,-156.368
233020,"Fournaise, Piton de la",1813,6,-21.244,55.708
353010,Fernandina,1813,5,-0.37,-91.55
353050,"Negra, Sierra",1813,5,-0.83,-91.17
353030,Darwin,1813,5,-0.18,-91.28
300260,Klyuchevskoy,1813,5,56.056,160.642
282030,Suwanosejima,1813,5,29.638,129.714
268060,Gamalama,1812,5,0.81,127.3322
290050,Etorofu-Atosanupuri [Atosanupuri],1812,5,44.808,147.131
300260,Klyuchevskoy,1812,4,56.056,160.642
267040,Awu,1812,4,3.689,125.447
233020,"Fournaise, Piton de la",1812,4,-21.244,55.708
290030,Chachadake [Tiatia],1812,4,44.353,146.252
360150,Soufriere St. Vincent,1812,3,13.33,-61.18
360060,Soufriere Guadeloupe,1812,3,16.044,-61.664
263250,Merapi,1812,3,-7.54,110.446
263340,Raung,1812,2,-8.119,114.056
264040,Tambora,1812,2,-8.25,118
313010,Augustine,1812,1,59.3626,-153.435
311160,Atka Volcanic Complex,1812,1,52.331,-174.139
211060,Etna,1811,1,37.748,14.999
382080,Sete Cidades,1811,1,37.865,-25.785
290150,Chirpoi,1811,12,46.532,150.871
263280,Kelud,1811,11,-7.935,112.314
268060,Gamalama,1811,11,0.81,127.3322
382080,Sete Cidades,1811,11,37.865,-25.785
284040,Miyakejima,1811,16,34.094,139.526
233020,"Fournaise, Piton de la",1810,9,-21.244,55.708
231080,"Yar, Jabal",1810,9,17.05,42.83
263250,Merapi,1810,7,-7.54,110.446
355090,Putana,1810,7,-22.557,-67.853
233020,"Fournaise, Piton de la",1809,7,-21.244,55.708
283190,Zaozan [Zaosan],1809,6,38.144,140.44
263130,Guntur,1809,6,-7.143,107.841
211060,Etna,1809,5,37.748,14.999
263320,Lamongan,1808,5,-7.981,113.341
382030,Sao Jorge,1808,4,38.65,-28.08
273070,Taal,1808,4,14.0106,120.9975
267010,Ruang,1808,4,2.3058,125.3671
283160,Bandaisan,1808,3,37.601,140.072
264020,Agung,1808,3,-8.343,115.508
233010,Karthala,1808,2,-11.75,43.38
285070,Akan,1808,2,43.384,144.013
263130,Guntur,1807,1,-7.143,107.841
233020,"Fournaise, Piton de la",1807,1,-21.244,55.708
300260,Klyuchevskoy,1807,1,56.056,160.642
224010,Cameroon,1807,1,4.203,9.17
263250,Merapi,1807,1,-7.54,110.446
261140,Marapi,1807,1,-0.38,100.474
283190,Zaozan [Zaosan],1806,1,38.144,140.44
282110,Asosan,1806,1,32.8849,131.085
263320,Lamongan,1806,1,-7.981,113.341
357080,Antuco,1806,12,-37.406,-71.349
357120,Villarrica,1806,12,-39.42,-71.93
341040,Colima,1806,16,19.514,-103.62
263210,Sundoro,1806,9,-7.302,109.996
311300,Bogoslof,1806,8,53.93,-168.03
263170,Ciremai,1805,8,-6.895,108.408
351020,"Ruiz, Nevado del",1805,8,4.892,-75.324
343030,Izalco,1805,7,13.813,-89.633
342110,Pacaya,1805,7,14.382,-90.601
283120,Kusatsu-Shiranesan,1805,7,36.618,138.528
311290,Okmok,1805,5,53.43,-168.13
290240,Sarychev Peak,1805,5,48.092,153.2
282110,Asosan,1804,4,32.8849,131.085
263310,Tengger Caldera,1804,4,-7.942,112.95
283190,Zaozan [Zaosan],1804,4,38.144,140.44
300140,Maly Semyachik,1804,4,54.135,159.674
263340,Raung,1804,4,-8.119,114.056
264010,Batur,1804,4,-8.2403,115.3775
341040,Colima,1804,2,19.514,-103.62
285040,Shikotsu,1804,2,42.688,141.38
283110,Asamayama,1803,2,36.406,138.523
260010,Barren Island,1803,2,12.278,93.858
284010,Izu-Oshima,1803,1,34.724,139.394
283110,Asamayama,1803,1,36.406,138.523
263130,Guntur,1803,1,-7.143,107.841
352050,Cotopaxi,1803,12,-0.677,-78.436
211060,Etna,1803,12,37.748,14.999
233020,"Fournaise, Piton de la",1802,12,-21.244,55.708
211060,Etna,1802,12,37.748,14.999
354040,Tutupaca,1802,12,-17.026,-70.372
341090,Popocatepetl,1802,9,19.023,-98.622
343030,Izalco,1802,9,13.813,-89.633
311310,Makushin,1802,8,53.891,-166.923
233020,"Fournaise, Piton de la",1801,7,-21.244,55.708
352030,Antisana,1801,7,-0.481,-78.141
266130,Tangkoko-Duasudara,1801,7,1.518,125.185
283220,Chokaisan,1800,6,39.099,140.049
233020,"Fournaise, Piton de la",1800,6,-21.244,55.708
273030,Mayon,1800,6,13.257,123.685
353020,Wolf,1800,6,0.02,-91.35
382030,Sao Jorge,1800,5,38.65,-28.08
321050,St. Helens,1800,5,46.2,-122.18
320090,Iskut-Unuk River Cones,1800,4,56.567,-130.75
284170,Pagan,1800,3,18.13,145.8
285082,Rausudake,1800,3,44.076,145.122
283180,Azumayama,1800,2,37.735,140.244
263130,Guntur,1800,2,-7.143,107.841
252080,Witori,1800,2,-5.5745,150.5161
241030,Taranaki,1800,2,-39.3,174.07
390030,Deception Island,1800,1,-62.9567,-60.6367
222170,Kyejo,1800,1,-9.229,33.792
354031,Ticsani,1800,1,-16.7586,-70.5981
332040,Hualalai,1800,12,19.692,-155.87
384010,Fogo,1799,12,14.95,-24.35
282080,Aira,1799,11,31.5772,130.6589
263320,Lamongan,1799,11,-7.981,113.341
342090,Fuego,1799,11,14.4748,-90.8806
383030,Tenerife,1798,11,28.271,-16.641
343030,Izalco,1798,11,13.813,-89.633
357120,Villarrica,1798,16,-39.42,-71.93
360060,Soufriere Guadeloupe,1797,16,16.044,-61.664
353020,Wolf,1797,9,0.02,-91.35
352010,Reventador,1797,9,-0.077,-77.656
373030,Bardarbunga,1797,8,64.633,-17.516
373060,Askja,1797,8,65.033,-16.783
233020,"Fournaise, Piton de la",1797,7,-21.244,55.708
282080,Aira,1797,7,31.5772,130.6589
263250,Merapi,1797,6,-7.54,110.446
263240,Merbabu,1797,6,-7.454,110.44
256010,Tinakula,1797,6,-10.386,165.804
351080,Galeras,1796,6,1.22,-77.37
282020,Io-Torishima,1796,5,27.881,128.223
311300,Bogoslof,1796,4,53.93,-168.03
283190,Zaozan [Zaosan],1796,4,38.144,140.44
211020,Vesuvius,1796,4,40.821,14.426
263350,Ijen,1796,4,-8.058,114.242
311340,Westdahl,1796,3,54.516,-164.65
311390,Amak,1796,3,55.4184,-163.1472
260010,Barren Island,1795,3,12.278,93.858
341040,Colima,1795,3,19.514,-103.62
233020,"Fournaise, Piton de la",1795,2,-21.244,55.708
311340,Westdahl,1795,1,54.516,-164.65
311350,Fisher,1795,1,54.65,-164.43
283190,Zaozan [Zaosan],1794,1,38.144,140.44
341040,Colima,1794,12,19.514,-103.62
341110,San Martin,1794,12,18.57,-95.2
233020,"Fournaise, Piton de la",1794,12,-21.244,55.708
373030,Bardarbunga,1794,11,64.633,-17.516
282080,Aira,1794,11,31.5772,130.6589
251070,Ritter Island,1793,11,-5.519,148.115
343030,Izalco,1793,11,13.813,-89.633
341110,San Martin,1793,11,18.57,-95.2
211060,Etna,1793,11,37.748,14.999
234002,St. Paul,1793,16,-38.72,77.53
263340,Raung,1793,16,-8.119,114.056
290380,Ebeko,1793,9,50.686,156.014
300240,Tolbachik,1793,9,55.832,160.326
233020,"Fournaise, Piton de la",1792,8,-21.244,55.708
311120,Great Sitkin,1792,8,52.076,-176.13
211060,Etna,1792,7,37.748,14.999
282100,Unzendake,1792,7,32.761,130.299
360120,Pelee,1792,7,14.809,-61.166
358020,Calbuco,1792,7,-41.33,-72.618
284010,Izu-Oshima,1792,7,34.724,139.394
243060,Tofua,1792,7,-19.75,-175.07
311070,Gareloi,1792,6,51.79,-178.794
282080,Aira,1791,6,31.5772,130.6589
300260,Klyuchevskoy,1791,6,56.056,160.642
233020,"Fournaise, Piton de la",1791,6,-21.244,55.708
252140,Rabaul,1791,5,-4.2459,152.1937
300260,Klyuchevskoy,1791,5,56.056,160.642
211060,Etna,1791,5,37.748,14.999
344040,Telica,1791,4,12.606,-86.84
243100,Fonualei,1791,4,-18.023,-174.317
263250,Merapi,1791,3,-7.54,110.446
311070,Gareloi,1791,3,51.79,-178.794
332010,Kilauea,1790,3,19.421,-155.287
283270,Iwakisan,1790,3,40.656,140.303
282080,Aira,1790,3,31.5772,130.6589
358010,Osorno,1790,3,-41.105,-72.496
357120,Villarrica,1790,2,-39.42,-71.93
285010,Oshima-Oshima,1790,2,41.51,139.367
290390,Alaid,1790,2,50.861,155.565
290150,Chirpoi,1790,1,46.532,150.871
300240,Tolbachik,1790,1,55.832,160.326
311070,Gareloi,1790,12,51.79,-178.794
312030,Pavlof,1790,12,55.417,-161.894
323110,Mono Lake Volcanic Field,1790,11,38,-119.03
332010,Kilauea,1790,11,19.421,-155.287
273070,Taal,1790,11,14.0106,120.9975
243090,Late,1790,16,-18.806,-174.65
266110,Mahawu,1789,9,1.352,124.865
300260,Klyuchevskoy,1789,9,56.056,160.642
233020,"Fournaise, Piton de la",1789,9,-21.244,55.708
260010,Barren Island,1789,8,12.278,93.858
284010,Izu-Oshima,1789,8,34.724,139.394
300240,Tolbachik,1789,8,55.832,160.326
300260,Klyuchevskoy,1788,7,56.056,160.642
300260,Klyuchevskoy,1788,7,56.056,160.642
300240,Tolbachik,1788,7,55.832,160.326
266110,Mahawu,1788,6,1.352,124.865
343100,San Miguel,1787,6,13.434,-88.269
300260,Klyuchevskoy,1787,6,56.056,160.642
354010,"Misti, El",1787,5,-16.294,-71.409
233020,"Fournaise, Piton de la",1787,5,-21.244,55.708
211060,Etna,1787,5,37.748,14.999
260010,Barren Island,1787,5,12.278,93.858
283290,Osorezan,1787,3,41.279,141.12
283160,Bandaisan,1787,2,37.601,140.072
357120,Villarrica,1787,1,-39.42,-71.93
354040,Tutupaca,1787,1,-17.026,-70.372
263250,Merapi,1786,1,-7.54,110.446
233020,"Fournaise, Piton de la",1786,12,-21.244,55.708
311190,Amukta,1786,12,52.5,-171.252
311180,Seguam,1786,12,52.315,-172.51
263200,Dieng Volcanic Complex,1786,12,-7.2,109.879
266030,Soputan,1785,11,1.112,124.737
282080,Aira,1785,11,31.5772,130.6589
300260,Klyuchevskoy,1785,16,56.056,160.642
352006,Cayambe,1785,16,0.029,-77.986
384010,Fogo,1785,9,14.95,-24.35
281031,Kueishantao,1785,9,24.841,121.953
263280,Kelud,1785,8,-7.935,112.314
354010,"Misti, El",1784,8,-16.294,-71.409
354006,Sabancaya,1784,8,-15.787,-71.857
360150,Soufriere St. Vincent,1784,7,13.33,-61.18
233020,"Fournaise, Piton de la",1784,7,-21.244,55.708
354020,Ubinas,1784,6,-16.345,-70.8972
332040,Hualalai,1784,5,19.692,-155.87
282080,Aira,1783,5,31.5772,130.6589
211020,Vesuvius,1783,5,40.821,14.426
343030,Izalco,1783,5,13.813,-89.633
283110,Asamayama,1783,4,36.406,138.523
371020,Reykjanes,1783,4,63.817,-22.717
373010,Grimsvotn,1783,4,64.416,-17.316
284010,Izu-Oshima,1783,3,34.724,139.394
311110,Kanaga,1783,3,51.923,-177.168
283270,Iwakisan,1782,3,40.656,140.303
282080,Aira,1782,3,31.5772,130.6589
322010,Hood,1781,3,45.374,-121.695
211060,Etna,1781,3,37.748,14.999
282110,Asosan,1781,3,32.8849,131.085
243070,Lateiki,1781,2,-19.18,-174.87
341040,Colima,1780,2,19.514,-103.62
284060,Aogashima,1780,1,32.458,139.759
211060,Etna,1780,12,37.748,14.999
211050,Vulcano,1780,12,38.404,14.962
357120,Villarrica,1780,12,-39.42,-71.93
284110,Kita-Ioto,1780,12,25.424,141.284
263130,Guntur,1780,11,-7.143,107.841
263050,Salak,1780,11,-6.716,106.733
285070,Akan,1780,16,43.384,144.013
290120,Kolokol Group,1780,16,46.042,150.083
282080,Aira,1779,16,31.5772,130.6589
300100,Avachinsky,1779,9,53.256,158.836
290100,Moyorodake [Medvezhia],1778,8,45.389,148.838
290250,Raikoke,1778,8,48.292,153.25
313020,Iliamna,1778,7,60.032,-153.09
265090,Banda Api,1778,7,-4.523,129.881
284010,Izu-Oshima,1777,7,34.724,139.394
283110,Asamayama,1777,7,36.406,138.523
263130,Guntur,1777,7,-7.143,107.841
357120,Villarrica,1777,7,-39.42,-71.93
300080,Opala,1776,7,52.543,157.339
300120,Zhupanovsky,1776,7,53.589,159.15
283110,Asamayama,1776,6,36.406,138.523
352080,Tungurahua,1776,6,-1.467,-78.442
211060,Etna,1776,5,37.748,14.999
233020,"Fournaise, Piton de la",1776,5,-21.244,55.708
263280,Kelud,1776,5,-7.935,112.314
311050,Little Sitkin,1776,4,51.95,178.543
305030,Wudalianchi,1776,4,48.722,126.15
268060,Gamalama,1775,3,0.81,127.3322
342110,Pacaya,1775,3,14.382,-90.601
263170,Ciremai,1775,2,-6.895,108.408
265090,Banda Api,1775,1,-4.523,129.881
266100,Lokon-Empung,1775,1,1.3644,124.7992
345060,Irazu,1775,12,9.979,-83.852
233020,"Fournaise, Piton de la",1775,11,-21.244,55.708
221250,Bora-Bericha-Tullu Moye,1775,11,8.2114,39.0812
311230,Carlisle,1774,11,52.894,-170.054
233020,"Fournaise, Piton de la",1774,16,-21.244,55.708
257040,Ambrym,1774,16,-16.25,168.12
243060,Tofua,1774,16,-19.75,-175.07
373010,Grimsvotn,1774,16,64.416,-17.316
268060,Gamalama,1773,16,0.81,127.3322
265090,Banda Api,1773,16,-4.523,129.881
352080,Tungurahua,1773,9,-1.467,-78.442
268060,Gamalama,1773,8,0.81,127.3322
283090,Niigata-Yakeyama,1773,8,36.921,138.036
352022,Chacana,1773,7,-0.375,-78.25
233020,"Fournaise, Piton de la",1772,7,-21.244,55.708
263100,Papandayan,1772,7,-7.32,107.73
263170,Ciremai,1772,6,-6.895,108.408
263180,Slamet,1772,5,-7.242,109.208
344100,Masaya,1772,4,11.9844,-86.1688
233020,"Fournaise, Piton de la",1772,4,-21.244,55.708
343030,Izalco,1772,4,13.813,-89.633
282110,Asosan,1772,4,32.8849,131.085
300100,Avachinsky,1772,4,53.256,158.836
300260,Klyuchevskoy,1772,3,56.056,160.642
268060,Gamalama,1771,3,0.81,127.3322
211050,Vulcano,1771,3,38.404,14.962
263280,Kelud,1771,3,-7.935,112.314
282090,Kirishimayama,1771,3,31.934,130.862
233020,"Fournaise, Piton de la",1771,3,-21.244,55.708
341040,Colima,1771,3,19.514,-103.62
300130,Karymsky,1771,1,54.049,159.443
357120,Villarrica,1771,1,-39.42,-71.93
268060,Gamalama,1770,12,0.81,127.3322
300260,Klyuchevskoy,1770,11,56.056,160.642
341040,Colima,1770,11,19.514,-103.62
343030,Izalco,1770,11,13.813,-89.633
211020,Vesuvius,1770,16,40.821,14.426
222090,Olkaria,1770,9,-0.904,36.292
261140,Marapi,1770,8,-0.38,100.474
283110,Asamayama,1769,8,36.406,138.523
384010,Fogo,1769,7,14.95,-24.35
300240,Tolbachik,1769,7,55.832,160.326
285030,Toya,1769,6,42.544,140.839
290210,Ushishur,1769,6,47.5125,152.8139
373030,Bardarbunga,1769,6,64.633,-17.516
343100,San Miguel,1769,5,13.434,-88.269
341040,Colima,1769,5,19.514,-103.62
282090,Kirishimayama,1769,4,31.934,130.862
263250,Merapi,1768,4,-7.54,110.446
352050,Cotopaxi,1768,4,-0.677,-78.436
373010,Grimsvotn,1768,4,64.416,-17.316
233020,"Fournaise, Piton de la",1768,3,-21.244,55.708
282090,Kirishimayama,1768,3,31.934,130.862
311310,Makushin,1768,3,53.891,-166.923
252140,Rabaul,1767,3,-4.2459,152.1937
256010,Tinakula,1767,2,-10.386,165.804
211060,Etna,1767,2,37.748,14.999
290270,Ekarma,1767,2,48.958,153.93
300260,Klyuchevskoy,1767,2,56.056,160.642
357120,Villarrica,1767,1,-39.42,-71.93
273030,Mayon,1766,1,13.257,123.685
373030,Bardarbunga,1766,12,64.633,-17.516
211060,Etna,1766,11,37.748,14.999
372070,Hekla,1766,11,63.983,-19.666
233020,"Fournaise, Piton de la",1766,11,-21.244,55.708
352050,Cotopaxi,1766,16,-0.677,-78.436
360140,Qualibou,1766,16,13.83,-61.05
342040,Almolonga,1765,16,14.797,-91.519
265090,Banda Api,1765,16,-4.523,129.881
282110,Asosan,1765,9,32.8849,131.085
344040,Telica,1765,9,12.606,-86.84
345020,Rincon de la Vieja,1765,9,10.83,-85.324
358010,Osorno,1765,9,-41.105,-72.496
290240,Sarychev Peak,1765,9,48.092,153.2
290250,Raikoke,1765,8,48.292,153.25
290190,Prevo Peak,1765,8,47.0139,152.1167
211020,Vesuvius,1764,8,40.821,14.426
344090,Momotombo,1764,8,12.423,-86.539
284040,Miyakejima,1763,8,34.094,139.526
268060,Gamalama,1763,7,0.81,127.3322
357040,Planchon-Peteroa,1762,7,-35.223,-70.568
283110,Asamayama,1762,6,36.406,138.523
265090,Banda Api,1762,6,-4.523,129.881
343100,San Miguel,1762,6,13.434,-88.269
312030,Pavlof,1762,5,55.417,-161.894
300260,Klyuchevskoy,1762,5,56.056,160.642
382050,Terceira,1761,5,38.73,-27.32
263060,Gede-Pangrango,1761,4,-6.786,106.983
357120,Villarrica,1761,4,-39.42,-71.93
233020,"Fournaise, Piton de la",1760,3,-21.244,55.708
268070,Kie Besi,1760,3,0.32,127.4
244040,Savaii,1760,3,-13.612,-172.525
352022,Chacana,1760,3,-0.375,-78.25
311130,Kasatochi,1760,3,52.177,-175.508
357110,Llaima,1759,3,-38.692,-71.729
357120,Villarrica,1759,3,-39.42,-71.93
341060,Michoacan-Guanajuato,1759,2,19.85,-101.75
285010,Oshima-Oshima,1759,1,41.51,139.367
353090,Santiago,1759,1,-0.22,-90.77
357150,Puyehue-Cordon Caulle,1759,1,-40.59,-72.117
233020,"Fournaise, Piton de la",1759,1,-21.244,55.708
282080,Aira,1756,12,31.5772,130.6589
271060,Ragang,1756,11,7.691,124.507
372030,Katla,1755,11,63.633,-19.083
375010,Kolbeinsey Ridge,1755,16,66.67,-18.5
283110,Asamayama,1755,16,36.406,138.523
263250,Merapi,1755,9,-7.54,110.446
241030,Taranaki,1755,9,-39.3,174.07
283110,Asamayama,1754,9,36.406,138.523
273070,Taal,1754,7,14.0106,120.9975
351080,Galeras,1754,7,1.22,-77.37
373010,Grimsvotn,1753,7,64.416,-17.316
233020,"Fournaise, Piton de la",1753,7,-21.244,55.708
283110,Asamayama,1752,7,36.406,138.523
263280,Kelud,1752,6,-7.935,112.314
357080,Antuco,1752,6,-37.406,-71.349
357070,"Chillan, Nevados de",1752,6,-36.868,-71.378
263250,Merapi,1752,5,-7.54,110.446
357072,Tromen Volcanic Plateau,1751,5,-37.144,-70.033
357091,Callaqui,1751,5,-37.92,-71.45
357110,Llaima,1751,5,-38.692,-71.729
357120,Villarrica,1751,4,-39.42,-71.93
357040,Planchon-Peteroa,1751,4,-35.223,-70.568
233020,"Fournaise, Piton de la",1751,4,-21.244,55.708
352050,Cotopaxi,1750,3,-0.677,-78.436
345033,Arenal,1750,2,10.463,-84.703
357090,Copahue,1750,2,-37.856,-71.183
357080,Antuco,1750,2,-37.406,-71.349
357123,Huanquihue Group,1750,2,-39.887,-71.58
354006,Sabancaya,1750,2,-15.787,-71.857
332060,Haleakala,1750,1,20.708,-156.25
332020,Mauna Loa,1750,1,19.475,-155.608
332010,Kilauea,1750,1,19.421,-155.287
221010,"Tair, Jebel at",1750,12,15.55,41.83
373030,Bardarbunga,1750,12,64.633,-17.516
300070,Gorely,1750,11,52.5549,158.0358
300050,Ksudach,1750,11,51.8042,157.5292
300060,Mutnovsky,1750,9,52.449,158.196
282080,Aira,1749,9,31.5772,130.6589
273070,Taal,1749,9,14.0106,120.9975
265090,Banda Api,1749,8,-4.523,129.881
357070,"Chillan, Nevados de",1749,7,-36.868,-71.378
352030,Antisana,1748,7,-0.481,-78.141
352050,Cotopaxi,1747,7,-0.677,-78.436
345040,Poas,1747,6,10.2,-84.233
263060,Gede-Pangrango,1747,6,-6.786,106.983
373080,Krafla,1746,6,65.715,-16.728
283070,Yakedake,1746,5,36.227,137.587
352050,Cotopaxi,1746,5,-0.677,-78.436
357120,Villarrica,1745,3,-39.42,-71.93
263250,Merapi,1745,3,-7.54,110.446
211020,Vesuvius,1744,2,40.821,14.426
352050,Cotopaxi,1744,2,-0.677,-78.436
283210,Kurikomayama,1744,2,38.961,140.788
341040,Colima,1744,2,19.514,-103.62
341040,Colima,1743,2,19.514,-103.62
352050,Cotopaxi,1743,1,-0.677,-78.436
352050,Cotopaxi,1743,1,-0.677,-78.436
352050,Cotopaxi,1742,12,-0.677,-78.436
352050,Cotopaxi,1742,12,-0.677,-78.436
282080,Aira,1742,12,31.5772,130.6589
211020,Vesuvius,1742,12,40.821,14.426
357120,Villarrica,1742,11,-39.42,-71.93
358040,Michinmahuida,1742,11,-42.799,-72.445
285010,Oshima-Oshima,1741,16,41.51,139.367
300240,Tolbachik,1740,16,55.832,160.326
283220,Chokaisan,1740,16,39.099,140.049
352050,Cotopaxi,1740,16,-0.677,-78.436
358057,"Hudson, Cerro",1740,9,-45.9,-72.97
300260,Klyuchevskoy,1740,9,56.056,160.642
300280,Ichinsky,1740,8,55.678,157.718
285040,Shikotsu,1739,8,42.688,141.38
300240,Tolbachik,1739,8,55.832,160.326
285060,Taisetsuzan,1739,7,43.664,142.854
300270,Sheveluch,1739,7,56.653,161.36
373030,Bardarbunga,1739,7,64.633,-17.516
268060,Gamalama,1739,6,0.81,127.3322
352050,Cotopaxi,1738,5,-0.677,-78.436
357120,Villarrica,1737,4,-39.42,-71.93
300260,Klyuchevskoy,1737,4,56.056,160.642
342090,Fuego,1737,4,14.4748,-90.8806
300100,Avachinsky,1737,4,53.256,158.836
268060,Gamalama,1737,4,0.81,127.3322
344090,Momotombo,1736,4,12.423,-86.539
233020,"Fournaise, Piton de la",1734,3,-21.244,55.708
343020,Santa Ana,1734,3,13.853,-89.63
233020,"Fournaise, Piton de la",1734,3,-21.244,55.708
283110,Asamayama,1733,3,36.406,138.523
233020,"Fournaise, Piton de la",1733,3,-21.244,55.708
211020,Vesuvius,1732,3,40.821,14.426
211060,Etna,1732,3,37.748,14.999
283110,Asamayama,1732,3,36.406,138.523
376010,Jan Mayen,1732,2,71.082,-8.155
342090,Fuego,1732,1,14.4748,-90.8806
283240,Iwatesan,1732,1,39.853,141.001
283110,Asamayama,1731,1,36.406,138.523
273070,Taal,1731,1,14.0106,120.9975
211050,Vulcano,1731,12,38.404,14.962
383060,Lanzarote,1730,12,29.03,-13.63
342090,Fuego,1730,12,14.4748,-90.8806
357120,Villarrica,1730,11,-39.42,-71.93
373010,Grimsvotn,1730,11,64.416,-17.316
332020,Mauna Loa,1730,16,19.475,-155.608
263220,Sumbing,1730,9,-7.384,110.07
263340,Raung,1730,9,-8.119,114.056
252080,Witori,1730,9,-5.5745,150.5161
300130,Karymsky,1730,9,54.049,159.443
283110,Asamayama,1729,8,36.406,138.523
373050,Kverkfjoll,1729,8,64.653,-16.647
373080,Krafla,1729,8,65.715,-16.728
373050,Kverkfjoll,1729,7,64.653,-16.647
283110,Asamayama,1729,6,36.406,138.523
273070,Taal,1729,6,14.0106,120.9975
373030,Bardarbunga,1729,5,64.633,-17.516
373080,Krafla,1728,4,65.715,-16.728
283110,Asamayama,1728,3,36.406,138.523
352090,Sangay,1728,3,-2.005,-78.341
373080,Krafla,1728,3,65.715,-16.728
211060,Etna,1727,3,37.748,14.999
373080,Krafla,1727,1,65.715,-16.728
374010,Oraefajokull,1727,1,64,-16.65
211050,Vulcano,1727,1,38.404,14.962
300260,Klyuchevskoy,1727,1,56.056,160.642
345060,Irazu,1726,1,9.979,-83.852
373030,Bardarbunga,1726,1,64.633,-17.516
283210,Kurikomayama,1726,1,38.961,140.788
372070,Hekla,1725,12,63.983,-19.666
373010,Grimsvotn,1725,12,64.416,-17.316
290290,Sinarka,1725,11,48.873,154.182
211020,Vesuvius,1724,11,40.821,14.426
373080,Krafla,1724,11,65.715,-16.728
283110,Asamayama,1723,16,36.406,138.523
345060,Irazu,1723,16,9.979,-83.852
283110,Asamayama,1722,16,36.406,138.523
343020,Santa Ana,1722,9,13.853,-89.63
265090,Banda Api,1722,9,-4.523,129.881
283110,Asamayama,1721,8,36.406,138.523
233020,"Fournaise, Piton de la",1721,8,-21.244,55.708
372030,Katla,1721,7,63.633,-19.083
357120,Villarrica,1721,7,-39.42,-71.93
382070,Don Joao de Castro Bank,1720,6,38.23,-26.63
382020,Pico,1720,5,38.47,-28.4
283110,Asamayama,1720,5,36.406,138.523
305030,Wudalianchi,1720,4,48.722,126.15
300260,Klyuchevskoy,1720,3,56.056,160.642
242030,Raoul Island,1720,3,-29.27,-177.92
373030,Bardarbunga,1720,3,64.633,-17.516
351012,"Bravo, Cerro",1720,2,5.091,-75.293
341090,Popocatepetl,1720,1,19.023,-98.622
283110,Asamayama,1719,12,36.406,138.523
268010,Dukono,1719,12,1.6992,127.8783
282090,Kirishimayama,1719,12,31.934,130.862
358010,Osorno,1719,11,-41.105,-72.496
283110,Asamayama,1718,16,36.406,138.523
360150,Soufriere St. Vincent,1718,16,13.33,-61.18
382020,Pico,1718,9,38.47,-28.4
283110,Asamayama,1717,9,36.406,138.523
282090,Kirishimayama,1717,9,31.934,130.862
342060,Atitlan,1717,9,14.583,-91.186
342090,Fuego,1717,7,14.4748,-90.8806
373030,Bardarbunga,1717,7,64.633,-17.516
282090,Kirishimayama,1716,7,31.934,130.862
373010,Grimsvotn,1716,6,64.416,-17.316
373030,Bardarbunga,1716,6,64.633,-17.516
273070,Taal,1716,4,14.0106,120.9975
263280,Kelud,1716,3,-7.935,112.314
282090,Kirishimayama,1716,3,31.934,130.862
357120,Villarrica,1716,3,-39.42,-71.93
273070,Taal,1715,3,14.0106,120.9975
264050,Sangeang Api,1715,2,-8.2,119.07
357120,Villarrica,1715,2,-39.42,-71.93
283110,Asamayama,1713,2,36.406,138.523
382080,Sete Cidades,1713,2,37.865,-25.785
290300,Kharimkotan,1713,2,49.12,154.508
290150,Chirpoi,1712,2,46.532,150.871
383010,La Palma,1712,1,28.57,-17.83
265090,Banda Api,1712,12,-4.523,129.881
284040,Miyakejima,1712,12,34.094,139.526
267020,Karangetang,1712,12,2.781,125.407
373030,Bardarbunga,1712,12,64.633,-17.516
267040,Awu,1711,11,3.689,125.447
283110,Asamayama,1711,11,36.406,138.523
283180,Azumayama,1711,11,37.735,140.244
341040,Colima,1711,16,19.514,-103.62
342090,Fuego,1710,16,14.4748,-90.8806
283110,Asamayama,1710,16,36.406,138.523
290320,Nemo Peak,1710,16,49.57,154.808
358054,Mentolat,1710,16,-44.7,-73.08
290210,Ushishur,1710,9,47.5125,152.8139
312200,Snowy Mountain,1710,9,58.336,-154.682
282110,Asosan,1709,8,32.8849,131.085
273070,Taal,1709,8,14.0106,120.9975
344010,Cosiguina,1709,8,12.98,-87.57
233020,"Fournaise, Piton de la",1709,7,-21.244,55.708
357120,Villarrica,1709,7,-39.42,-71.93
283110,Asamayama,1708,7,36.406,138.523
211020,Vesuvius,1708,7,40.821,14.426
233020,"Fournaise, Piton de la",1708,7,-21.244,55.708
357120,Villarrica,1708,7,-39.42,-71.93
283030,Fujisan,1707,5,35.361,138.728
212040,Santorini,1707,5,36.404,25.396
373030,Bardarbunga,1707,5,64.633,-17.516
273070,Taal,1707,4,14.0106,120.9975
285040,Shikotsu,1707,4,42.688,141.38
283110,Asamayama,1706,4,36.406,138.523
373010,Grimsvotn,1706,4,64.416,-17.316
342090,Fuego,1706,3,14.4748,-90.8806
383030,Tenerife,1706,2,28.271,-16.641
282090,Kirishimayama,1706,2,31.934,130.862
282080,Aira,1706,2,31.5772,130.6589
373030,Bardarbunga,1706,2,64.633,-17.516
342090,Fuego,1705,1,14.4748,-90.8806
357120,Villarrica,1705,1,-39.42,-71.93
383030,Tenerife,1704,1,28.271,-16.641
283110,Asamayama,1704,1,36.406,138.523
283110,Asamayama,1703,1,36.406,138.523
233020,"Fournaise, Piton de la",1703,1,-21.244,55.708
342090,Fuego,1702,12,14.4748,-90.8806
305060,Changbaishan,1702,11,41.98,128.08
211060,Etna,1702,11,37.748,14.999
373030,Bardarbunga,1702,16,64.633,-17.516
211020,Vesuvius,1701,16,40.821,14.426
251070,Ritter Island,1700,16,-5.519,148.115
251020,Manam,1700,16,-4.08,145.037
252120,Ulawun,1700,16,-5.05,151.33
283030,Fujisan,1700,9,35.361,138.728
222051,Emuruangogolak,1700,9,1.5,36.33
241030,Taranaki,1700,8,-39.3,174.07
386010,Tristan da Cunha,1700,7,-37.092,-12.28
332010,Kilauea,1700,7,19.421,-155.287
352006,Cayambe,1700,7,0.029,-77.986
300270,Sheveluch,1700,7,56.653,161.36
311390,Amak,1700,7,55.4184,-163.1472
321020,Glacier Peak,1700,6,48.112,-121.113
342110,Pacaya,1699,6,14.382,-90.601
342090,Fuego,1699,6,14.4748,-90.8806
343100,San Miguel,1699,6,13.434,-88.269
263170,Ciremai,1698,6,-6.895,108.408
352050,Cotopaxi,1698,4,-0.677,-78.436
341090,Popocatepetl,1697,4,19.023,-98.622
211020,Vesuvius,1697,3,40.821,14.426
373030,Bardarbunga,1697,2,64.633,-17.516
373010,Grimsvotn,1697,1,64.416,-17.316
300260,Klyuchevskoy,1697,1,56.056,160.642
211020,Vesuvius,1696,1,40.821,14.426
283110,Asamayama,1695,1,36.406,138.523
284010,Izu-Oshima,1695,1,34.724,139.394
358030,Huequi,1695,12,-42.377,-72.578
285020,Hokkaido-Komagatake,1694,11,42.063,140.677
283190,Zaozan [Zaosan],1694,16,38.144,140.44
266130,Tangkoko-Duasudara,1694,16,1.518,125.185
265070,Serua,1694,16,-6.312,130.017
211060,Etna,1693,16,37.748,14.999
265070,Serua,1693,16,-6.312,130.017
372070,Hekla,1693,9,63.983,-19.666
342110,Pacaya,1693,9,14.382,-90.601
265050,Teon,1693,9,-6.976,129.144
282110,Asosan,1691,9,32.8849,131.085
352010,Reventador,1691,9,-0.077,-77.656
360060,Soufriere Guadeloupe,1690,8,16.044,-61.664
342110,Pacaya,1690,8,14.382,-90.601
341040,Colima,1690,7,19.514,-103.62
282090,Kirishimayama,1690,7,31.934,130.862
265090,Banda Api,1690,6,-4.523,129.881
263130,Guntur,1690,5,-7.143,107.841
285030,Toya,1690,5,42.544,140.839
290360,Chikurachki,1690,5,50.324,155.461
300020,Koshelev,1690,5,51.356,156.753
320100,Tseax River Cone,1690,4,55.1109,-128.8991
211060,Etna,1689,4,37.748,14.999
211050,Vulcano,1688,4,38.404,14.962
211060,Etna,1688,3,37.748,14.999
357120,Villarrica,1688,3,-39.42,-71.93
265070,Serua,1687,3,-6.312,130.017
268060,Gamalama,1687,2,0.81,127.3322
342110,Pacaya,1687,2,14.382,-90.601
341100,"Orizaba, Pico de",1687,2,19.03,-97.27
268060,Gamalama,1686,1,0.81,127.3322
283240,Iwatesan,1686,1,39.853,141.001
342090,Fuego,1686,11,14.4748,-90.8806
211020,Vesuvius,1685,11,40.821,14.426
342090,Fuego,1685,9,14.4748,-90.8806
344020,San Cristobal,1685,9,12.702,-87.004
344040,Telica,1685,9,12.606,-86.84
332020,Mauna Loa,1685,9,19.475,-155.608
373010,Grimsvotn,1684,8,64.416,-17.316
344020,San Cristobal,1684,8,12.702,-87.004
284010,Izu-Oshima,1684,7,34.724,139.394
262000,Krakatau,1684,7,-6.1009,105.4233
282110,Asosan,1683,7,32.8849,131.085
266130,Tangkoko-Duasudara,1683,7,1.518,125.185
265070,Serua,1683,7,-6.312,130.017
265090,Banda Api,1683,7,-4.523,129.881
390031,Penguin Island,1683,7,-62.1,-57.93
382080,Sete Cidades,1682,6,37.865,-25.785
211060,Etna,1682,6,37.748,14.999
211020,Vesuvius,1682,6,40.821,14.426
357120,Villarrica,1682,6,-39.42,-71.93
373010,Grimsvotn,1681,5,64.416,-17.316
262000,Krakatau,1680,5,-6.1009,105.4233
266130,Tangkoko-Duasudara,1680,5,1.518,125.185
344020,San Cristobal,1680,5,12.702,-87.004
332020,Mauna Loa,1680,5,19.475,-155.608
263250,Merapi,1678,5,-7.54,110.446
342110,Pacaya,1678,4,14.382,-90.601
282090,Kirishimayama,1678,3,31.934,130.862
282080,Aira,1678,2,31.5772,130.6589
283260,Akita-Yakeyama,1678,2,39.964,140.757
383010,La Palma,1677,1,28.57,-17.83
354010,"Misti, El",1677,1,-16.294,-71.409
354020,Ubinas,1677,1,-16.345,-70.8972
282090,Kirishimayama,1677,1,31.934,130.862
263250,Merapi,1677,1,-7.54,110.446
268060,Gamalama,1676,12,0.81,127.3322
282120,Kujusan,1675,12,33.086,131.249
282110,Asosan,1675,11,32.8849,131.085
267020,Karangetang,1675,16,2.781,125.407
264180,Lewotobi,1675,16,-8.542,122.775
357120,Villarrica,1675,16,-39.42,-71.93
342110,Pacaya,1674,9,14.382,-90.601
268040,Gamkonora,1673,9,1.38,127.53
263250,Merapi,1672,9,-7.54,110.446
382010,Fayal,1672,9,38.576,-28.713
233020,"Fournaise, Piton de la",1672,9,-21.244,55.708
357120,Villarrica,1672,8,-39.42,-71.93
342110,Pacaya,1671,7,14.382,-90.601
233020,"Fournaise, Piton de la",1671,7,-21.244,55.708
264110,Iya,1671,6,-8.891,121.641
283190,Zaozan [Zaosan],1670,6,38.144,140.44
284060,Aogashima,1670,6,32.458,139.759
257030,Ambae,1670,5,-15.389,167.835
344100,Masaya,1670,5,11.9844,-86.1688
351080,Galeras,1670,4,1.22,-77.37
290380,Ebeko,1670,4,50.686,156.014
283110,Asamayama,1669,3,36.406,138.523
211060,Etna,1669,3,37.748,14.999
233020,"Fournaise, Piton de la",1669,2,-21.244,55.708
283190,Zaozan [Zaosan],1669,2,38.144,140.44
284170,Pagan,1669,2,18.13,145.8
357120,Villarrica,1669,2,-39.42,-71.93
283190,Zaozan [Zaosan],1668,2,38.144,140.44
282110,Asosan,1668,1,32.8849,131.085
342110,Pacaya,1668,1,14.382,-90.601
305060,Changbaishan,1668,1,41.98,128.08
282110,Asosan,1668,1,32.8849,131.085
285040,Shikotsu,1667,12,42.688,141.38
354020,Ubinas,1667,11,-16.345,-70.8972
341090,Popocatepetl,1666,11,19.023,-98.622
323080,Lassen Volcanic Center,1666,16,40.492,-121.508
373010,Grimsvotn,1665,9,64.416,-17.316
341110,San Martin,1664,9,18.57,-95.2
342110,Pacaya,1664,8,14.382,-90.601
282020,Io-Torishima,1664,8,27.881,128.223
263250,Merapi,1663,7,-7.54,110.446
282100,Unzendake,1663,7,32.761,130.299
341090,Popocatepetl,1663,7,19.023,-98.622
285030,Toya,1663,7,42.544,140.839
282100,Unzendake,1663,7,32.761,130.299
265050,Teon,1663,7,-6.976,129.144
342060,Atitlan,1663,7,14.583,-91.186
282090,Kirishimayama,1662,7,31.934,130.862
282120,Kujusan,1662,7,33.086,131.249
354020,Ubinas,1662,6,-16.345,-70.8972
283110,Asamayama,1661,6,36.406,138.523
283110,Asamayama,1661,5,36.406,138.523
372030,Katla,1660,5,63.633,-19.083
352020,Guagua Pichincha,1660,5,-0.171,-78.598
283110,Asamayama,1660,4,36.406,138.523
265050,Teon,1660,4,-6.976,129.144
264230,Lewotolok,1660,3,-8.274,123.508
251050,Long Island,1660,2,-5.358,147.12
245030,Nabukelevu,1660,2,-19.1181,177.9815
357040,Planchon-Peteroa,1660,1,-35.223,-70.568
265050,Teon,1659,1,-6.976,129.144
373010,Grimsvotn,1659,1,64.416,-17.316
283110,Asamayama,1659,1,36.406,138.523
268060,Gamalama,1659,1,0.81,127.3322
283050,Hakusan,1659,12,36.155,136.771
283220,Chokaisan,1659,12,39.099,140.049
282090,Kirishimayama,1659,12,31.934,130.862
343050,San Salvador,1658,12,13.734,-89.294
283050,Hakusan,1658,12,36.155,136.771
283110,Asamayama,1658,11,36.406,138.523
263250,Merapi,1658,11,-7.54,110.446
283110,Asamayama,1657,11,36.406,138.523
357120,Villarrica,1657,11,-39.42,-71.93
283110,Asamayama,1656,11,36.406,138.523
283110,Asamayama,1655,16,36.406,138.523
342110,Pacaya,1655,16,14.382,-90.601
373050,Kverkfjoll,1655,9,64.653,-16.647
241030,Taranaki,1655,9,-39.3,174.07
211020,Vesuvius,1654,8,40.821,14.426
211060,Etna,1654,8,37.748,14.999
268060,Gamalama,1653,8,0.81,127.3322
382081,Picos Fissural Volcanic System,1652,7,37.78,-25.67
283110,Asamayama,1652,7,36.406,138.523
284060,Aogashima,1652,7,32.458,139.759
274030,Babuyan Claro,1652,7,19.524,121.95
300270,Sheveluch,1652,7,56.653,161.36
283110,Asamayama,1651,7,36.406,138.523
342110,Pacaya,1651,7,14.382,-90.601
211060,Etna,1651,7,37.748,14.999
211050,Vulcano,1651,5,38.404,14.962
213020,Nemrut Dagi,1650,5,38.654,42.229
212042,Kolumbo,1650,5,36.524,25.483
252110,Bamus,1650,5,-5.2,151.23
255070,Savo,1650,4,-9.13,159.82
264150,Paluweh,1650,4,-8.32,121.708
224010,Cameroon,1650,4,4.203,9.17
334050,Northern EPR at 9.8°N,1650,3,9.83,-104.3
332020,Mauna Loa,1650,3,19.475,-155.608
332040,Hualalai,1650,2,19.692,-155.87
357070,"Chillan, Nevados de",1650,1,-36.868,-71.378
313040,Spurr,1650,1,61.299,-152.251
313030,Redoubt,1650,1,60.485,-152.742
313020,Iliamna,1650,1,60.032,-153.09
313010,Augustine,1650,1,59.3626,-153.435
290380,Ebeko,1650,1,50.686,156.014
300060,Mutnovsky,1650,1,52.449,158.196
332010,Kilauea,1650,1,19.421,-155.287
331021,Axial Seamount,1650,11,45.95,-130
283110,Asamayama,1649,11,36.406,138.523
282110,Asosan,1649,11,32.8849,131.085
283140,Nikko-Shiranesan,1649,16,36.799,139.376
233020,"Fournaise, Piton de la",1649,16,-21.244,55.708
283110,Asamayama,1648,9,36.406,138.523
268060,Gamalama,1648,8,0.81,127.3322
283110,Asamayama,1648,8,36.406,138.523
357120,Villarrica,1647,7,-39.42,-71.93
283110,Asamayama,1647,7,36.406,138.523
211060,Etna,1646,7,37.748,14.999
383010,La Palma,1646,7,28.57,-17.83
268070,Kie Besi,1646,7,0.32,127.4
267040,Awu,1646,6,3.689,125.447
283110,Asamayama,1645,6,36.406,138.523
273070,Taal,1645,6,14.0106,120.9975
357120,Villarrica,1645,5,-39.42,-71.93
283110,Asamayama,1644,5,36.406,138.523
358010,Osorno,1644,4,-41.105,-72.496
352080,Tungurahua,1644,4,-1.467,-78.442
251020,Manam,1643,4,-4.08,145.037
251030,Karkar,1643,4,-4.647,145.976
284040,Miyakejima,1643,4,34.094,139.526
211060,Etna,1643,3,37.748,14.999
282080,Aira,1642,3,31.5772,130.6589
341090,Popocatepetl,1642,3,19.023,-98.622
357120,Villarrica,1642,3,-39.42,-71.93
273070,Taal,1641,3,14.0106,120.9975
283190,Zaozan [Zaosan],1641,3,38.144,140.44
263280,Kelud,1641,3,-7.935,112.314
351080,Galeras,1641,2,1.22,-77.37
390030,Deception Island,1641,2,-62.9567,-60.6367
271011,Melebingoy,1640,2,6.113,124.892
285020,Hokkaido-Komagatake,1640,1,42.063,140.677
357110,Llaima,1640,1,-38.692,-71.729
352080,Tungurahua,1640,12,-1.467,-78.442
332020,Mauna Loa,1640,12,19.475,-155.608
358010,Osorno,1640,12,-41.105,-72.496
360010,Saba,1640,11,17.63,-63.23
360150,Soufriere St. Vincent,1640,11,13.33,-61.18
233020,"Fournaise, Piton de la",1640,11,-21.244,55.708
358041,Chaiten,1640,11,-42.8349,-72.6514
285030,Toya,1638,16,42.544,140.839
382080,Sete Cidades,1638,16,37.865,-25.785
373010,Grimsvotn,1638,16,64.416,-17.316
263340,Raung,1638,9,-8.119,114.056
357120,Villarrica,1638,9,-39.42,-71.93
372010,Vestmannaeyjar,1637,9,63.416,-20.266
282110,Asosan,1637,8,32.8849,131.085
284010,Izu-Oshima,1637,8,34.724,139.394
211020,Vesuvius,1637,8,40.821,14.426
282090,Kirishimayama,1637,8,31.934,130.862
372070,Hekla,1636,7,63.983,-19.666
265090,Banda Api,1635,7,-4.523,129.881
268060,Gamalama,1635,7,0.81,127.3322
273070,Taal,1635,7,14.0106,120.9975
360120,Pelee,1635,7,14.809,-61.166
211060,Etna,1634,7,37.748,14.999
273070,Taal,1634,7,14.0106,120.9975
284010,Izu-Oshima,1634,6,34.724,139.394
265090,Banda Api,1632,5,-4.523,129.881
211070,Campi Flegrei del Mar di Sicilia,1632,5,37.1,12.7
373010,Grimsvotn,1632,5,64.416,-17.316
357120,Villarrica,1632,5,-39.42,-71.93
211020,Vesuvius,1631,4,40.821,14.426
282110,Asosan,1631,3,32.8849,131.085
221141,Dama Ali,1631,3,11.28,41.63
211050,Vulcano,1631,2,38.404,14.962
382100,Furnas,1630,1,37.77,-25.32
283190,Zaozan [Zaosan],1630,4,38.144,140.44
242030,Raoul Island,1630,4,-29.27,-177.92
373010,Grimsvotn,1629,4,64.416,-17.316
342090,Fuego,1629,4,14.4748,-90.8806
282090,Kirishimayama,1628,4,31.934,130.862
352090,Sangay,1628,3,-2.005,-78.341
285030,Toya,1626,3,42.544,140.839
211050,Vulcano,1626,2,38.404,14.962
372030,Katla,1625,1,63.633,-19.083
334120,Southern EPR at 17.5°S (Segment K),1625,1,-17.436,-113.206
283140,Nikko-Shiranesan,1625,1,36.799,139.376
357120,Villarrica,1625,1,-39.42,-71.93
283190,Zaozan [Zaosan],1623,12,38.144,140.44
342090,Fuego,1623,12,14.4748,-90.8806
342110,Pacaya,1623,12,14.382,-90.601
351020,"Ruiz, Nevado del",1623,12,4.892,-75.324
284010,Izu-Oshima,1623,12,34.724,139.394
341040,Colima,1622,11,19.514,-103.62
373010,Grimsvotn,1622,16,64.416,-17.316
283190,Zaozan [Zaosan],1622,16,38.144,140.44
282110,Asosan,1620,16,32.8849,131.085
282090,Kirishimayama,1620,9,31.934,130.862
283190,Zaozan [Zaosan],1620,9,38.144,140.44
334140,Southern EPR at 18.5°S (Segment I),1620,8,-18.53,-113.42
342090,Fuego,1620,7,14.4748,-90.8806
373010,Grimsvotn,1619,6,64.416,-17.316
283270,Iwakisan,1618,6,40.656,140.303
211050,Vulcano,1618,6,38.404,14.962
342090,Fuego,1617,6,14.4748,-90.8806
357120,Villarrica,1617,6,-39.42,-71.93
251020,Manam,1616,5,-4.08,145.037
351080,Galeras,1616,5,1.22,-77.37
273030,Mayon,1616,5,13.257,123.685
265090,Banda Api,1615,5,-4.523,129.881
282090,Kirishimayama,1615,5,31.934,130.862
211060,Etna,1614,5,37.748,14.999
342090,Fuego,1614,5,14.4748,-90.8806
282110,Asosan,1613,4,32.8849,131.085
282090,Kirishimayama,1613,4,31.934,130.862
341100,"Orizaba, Pico de",1613,3,19.03,-97.27
344040,Telica,1613,3,12.606,-86.84
284010,Izu-Oshima,1612,3,34.724,139.394
372030,Katla,1612,1,63.633,-19.083
282110,Asosan,1612,1,32.8849,131.085
372020,Eyjafjallajokull,1612,12,63.633,-19.633
357120,Villarrica,1612,12,-39.42,-71.93
341040,Colima,1611,12,19.514,-103.62
282110,Asosan,1611,12,32.8849,131.085
211060,Etna,1610,12,37.748,14.999
373010,Grimsvotn,1610,12,64.416,-17.316
244040,Savaii,1610,12,-13.612,-172.525
321050,St. Helens,1610,11,46.2,-122.18
332010,Kilauea,1610,16,19.421,-155.287
357120,Villarrica,1610,16,-39.42,-71.93
283110,Asamayama,1609,9,36.406,138.523
265090,Banda Api,1609,8,-4.523,129.881
268060,Gamalama,1608,7,0.81,127.3322
273070,Taal,1608,7,14.0106,120.9975
211060,Etna,1607,7,37.748,14.999
341040,Colima,1606,7,19.514,-103.62
284050,Hachijojima,1606,7,33.137,139.766
283110,Asamayama,1605,7,36.406,138.523
284050,Hachijojima,1605,6,33.137,139.766
268060,Gamalama,1605,6,0.81,127.3322
344090,Momotombo,1605,4,12.423,-86.539
283270,Iwakisan,1604,3,40.656,140.303
357120,Villarrica,1604,2,-39.42,-71.93
373010,Grimsvotn,1603,2,64.416,-17.316
211060,Etna,1603,1,37.748,14.999
284010,Izu-Oshima,1600,1,34.724,139.394
283270,Iwakisan,1600,1,40.656,140.303
283270,Iwakisan,1600,12,40.656,140.303
354030,Huaynaputina,1600,12,-16.6144,-70.8542
283110,Asamayama,1600,11,36.406,138.523
282030,Suwanosejima,1600,11,29.638,129.714
334050,Northern EPR at 9.8°N,1600,11,9.83,-104.3
233020,"Fournaise, Piton de la",1600,11,-21.244,55.708
358020,Calbuco,1600,11,-41.33,-72.618
300450,Alney-Chashakondzha,1600,16,56.656,159.647
285070,Akan,1600,16,43.384,144.013
290380,Ebeko,1600,16,50.686,156.014
357120,Villarrica,1600,16,-39.42,-71.93
282110,Asosan,1598,16,32.8849,131.085
373010,Grimsvotn,1598,9,64.416,-17.316
283110,Asamayama,1598,9,36.406,138.523
282090,Kirishimayama,1598,9,31.934,130.862
265090,Banda Api,1598,8,-4.523,129.881
283110,Asamayama,1597,8,36.406,138.523
263340,Raung,1597,7,-8.119,114.056
372070,Hekla,1597,7,63.983,-19.666
213020,Nemrut Dagi,1597,6,38.654,42.229
283110,Asamayama,1596,6,36.406,138.523
284040,Miyakejima,1595,6,34.094,139.526
256010,Tinakula,1595,6,-10.386,165.804
283110,Asamayama,1595,5,36.406,138.523
351020,"Ruiz, Nevado del",1595,5,4.892,-75.324
282090,Kirishimayama,1595,5,31.934,130.862
357120,Villarrica,1594,4,-39.42,-71.93
263340,Raung,1593,3,-8.119,114.056
282110,Asosan,1592,3,32.8849,131.085
341090,Popocatepetl,1592,3,19.023,-98.622
283110,Asamayama,1591,2,36.406,138.523
283110,Asamayama,1591,1,36.406,138.523
273070,Taal,1591,1,14.0106,120.9975
283110,Asamayama,1590,1,36.406,138.523
341040,Colima,1590,12,19.514,-103.62
341090,Popocatepetl,1590,12,19.023,-98.622
352010,Reventador,1590,12,-0.077,-77.656
352006,Cayambe,1590,11,0.029,-77.986
263310,Tengger Caldera,1590,11,-7.942,112.95
241030,Taranaki,1590,11,-39.3,174.07
320090,Iskut-Unuk River Cones,1590,11,56.567,-130.75
282090,Kirishimayama,1588,11,31.934,130.862
342090,Fuego,1587,16,14.4748,-90.8806
282090,Kirishimayama,1587,16,31.934,130.862
282110,Asosan,1587,9,32.8849,131.085
263250,Merapi,1587,9,-7.54,110.446
342090,Fuego,1586,8,14.4748,-90.8806
265090,Banda Api,1586,8,-4.523,129.881
263280,Kelud,1586,8,-7.935,112.314
283070,Yakedake,1585,8,36.227,137.587
282090,Kirishimayama,1585,8,31.934,130.862
383010,La Palma,1585,7,28.57,-17.83
342090,Fuego,1585,7,14.4748,-90.8806
341040,Colima,1585,7,19.514,-103.62
282110,Asosan,1584,7,32.8849,131.085
263250,Merapi,1584,7,-7.54,110.446
357120,Villarrica,1584,6,-39.42,-71.93
282110,Asosan,1583,6,32.8849,131.085
371020,Reykjanes,1583,5,63.817,-22.717
283110,Asamayama,1582,5,36.406,138.523
352020,Guagua Pichincha,1582,4,-0.171,-78.598
282110,Asosan,1582,4,32.8849,131.085
283110,Asamayama,1582,4,36.406,138.523
283050,Hakusan,1582,3,36.155,136.771
357120,Villarrica,1582,3,-39.42,-71.93
342090,Fuego,1581,2,14.4748,-90.8806
351080,Galeras,1580,2,1.22,-77.37
372030,Katla,1580,1,63.633,-19.083
382030,Sao Jorge,1580,12,38.65,-28.08
341090,Popocatepetl,1580,12,19.023,-98.622
255011,Billy Mitchell,1580,12,-6.0898,155.2254
283050,Hakusan,1579,12,36.155,136.771
211060,Etna,1579,12,37.748,14.999
342060,Atitlan,1579,12,14.583,-91.186
357120,Villarrica,1579,12,-39.42,-71.93
344090,Momotombo,1578,11,12.423,-86.539
282110,Asosan,1576,16,32.8849,131.085
282090,Kirishimayama,1576,8,31.934,130.862
341040,Colima,1576,8,19.514,-103.62
343020,Santa Ana,1576,7,13.853,-89.63
352020,Guagua Pichincha,1575,7,-0.171,-78.598
343050,San Salvador,1575,6,13.734,-89.294
358010,Osorno,1575,6,-41.105,-72.496
282090,Kirishimayama,1574,6,31.934,130.862
282110,Asosan,1574,4,32.8849,131.085
282110,Asosan,1573,4,32.8849,131.085
273070,Taal,1572,3,14.0106,120.9975
341090,Popocatepetl,1571,2,19.023,-98.622
344100,Masaya,1570,2,11.9844,-86.1688
352006,Cayambe,1570,2,0.029,-77.986
351020,"Ruiz, Nevado del",1570,1,4.892,-75.324
211020,Vesuvius,1570,1,40.821,14.426
212040,Santorini,1570,1,36.404,25.396
241030,Taranaki,1570,1,-39.3,174.07
343020,Santa Ana,1570,12,13.853,-89.63
285050,Tokachidake,1570,12,43.418,142.686
290080,Sashiusudake [Baransky],1570,12,45.1,148.019
341100,"Orizaba, Pico de",1569,11,19.03,-97.27
255070,Savo,1568,16,-9.13,159.82
341030,Ceboruco,1567,8,21.125,-104.508
211060,Etna,1566,8,37.748,14.999
282090,Kirishimayama,1566,8,31.934,130.862
352020,Guagua Pichincha,1566,7,-0.171,-78.598
282090,Kirishimayama,1566,7,31.934,130.862
341100,"Orizaba, Pico de",1566,7,19.03,-97.27
342110,Pacaya,1565,6,14.382,-90.601
268040,Gamkonora,1564,6,1.38,127.53
282110,Asosan,1564,6,32.8849,131.085
382090,Agua de Pau,1564,6,37.77,-25.47
357120,Villarrica,1564,6,-39.42,-71.93
382090,Agua de Pau,1563,5,37.77,-25.47
382020,Pico,1562,5,38.47,-28.4
282110,Asosan,1562,4,32.8849,131.085
357120,Villarrica,1562,4,-39.42,-71.93
268060,Gamalama,1561,3,0.81,127.3322
282050,Kuchinoerabujima,1560,3,30.443,130.217
241030,Taranaki,1560,2,-39.3,174.07
263240,Merbabu,1560,2,-7.454,110.44
263250,Merapi,1560,2,-7.54,110.446
341040,Colima,1560,2,19.514,-103.62
345060,Irazu,1560,2,9.979,-83.852
358056,Maca,1560,12,-45.1,-73.17
211040,Stromboli,1558,11,38.789,15.213
357120,Villarrica,1558,11,-39.42,-71.93
282110,Asosan,1558,16,32.8849,131.085
352080,Tungurahua,1557,16,-1.467,-78.442
351050,"Huila, Nevado del",1555,16,2.93,-76.03
372070,Hekla,1554,9,63.983,-19.666
283050,Hakusan,1554,9,36.155,136.771
282090,Kirishimayama,1554,9,31.934,130.862
263250,Merapi,1554,9,-7.54,110.446
357120,Villarrica,1553,9,-39.42,-71.93
284010,Izu-Oshima,1552,8,34.724,139.394
342090,Fuego,1551,7,14.4748,-90.8806
344100,Masaya,1551,7,11.9844,-86.1688
268010,Dukono,1550,7,1.6992,127.8783
268070,Kie Besi,1550,7,0.32,127.4
283280,Hakkodasan,1550,6,40.659,140.877
300140,Maly Semyachik,1550,6,54.135,159.674
241030,Taranaki,1550,6,-39.3,174.07
245010,Taveuni,1550,6,-16.8412,-179.9644
252080,Witori,1550,6,-5.5745,150.5161
346010,Baru,1550,6,8.808,-82.543
353010,Fernandina,1550,6,-0.37,-91.55
354020,Ubinas,1550,5,-16.345,-70.8972
211050,Vulcano,1550,5,38.404,14.962
223020,Nyamulagira,1550,5,-1.408,29.2
372030,Katla,1550,4,63.633,-19.083
360050,Soufriere Hills,1550,4,16.72,-62.18
360150,Soufriere St. Vincent,1550,4,13.33,-61.18
323110,Mono Lake Volcanic Field,1550,4,38,-119.03
285070,Akan,1550,4,43.384,144.013
285040,Shikotsu,1550,4,42.688,141.38
300240,Tolbachik,1550,3,55.832,160.326
300130,Karymsky,1550,2,54.049,159.443
300180,Kikhpinych,1550,2,54.489,160.251
300190,Krasheninnikov,1550,1,54.596,160.27
300100,Avachinsky,1550,1,53.256,158.836
300270,Sheveluch,1550,1,56.653,161.36
311080,Tanaga,1550,1,51.885,-178.146
311090,Takawangha,1550,12,51.873,-178.006
320150,Wells Gray-Clearwater,1550,11,52.0306,-120.1125
358040,Michinmahuida,1550,11,-42.799,-72.445
221270,Aluto,1550,16,7.77,38.78
341090,Popocatepetl,1548,16,19.023,-98.622
263250,Merapi,1548,16,-7.54,110.446
263280,Kelud,1548,9,-7.935,112.314
283050,Hakusan,1548,9,36.155,136.771
283050,Hakusan,1547,8,36.155,136.771
341100,"Orizaba, Pico de",1545,8,19.03,-97.27
283131,Hiuchigatake,1544,7,36.955,139.285
357120,Villarrica,1543,7,-39.42,-71.93
282110,Asosan,1542,6,32.8849,131.085
342090,Fuego,1542,6,14.4748,-90.8806
341090,Popocatepetl,1542,6,19.023,-98.622
341030,Ceboruco,1542,6,21.125,-104.508
211060,Etna,1541,6,37.748,14.999
352010,Reventador,1541,6,-0.077,-77.656
342090,Fuego,1541,5,14.4748,-90.8806
211060,Etna,1540,4,37.748,14.999
332020,Mauna Loa,1540,4,19.475,-155.608
313010,Augustine,1540,4,59.3626,-153.435
312090,Aniakchak,1540,4,56.88,-158.17
341090,Popocatepetl,1539,4,19.023,-98.622
357120,Villarrica,1539,3,-39.42,-71.93
211010,Campi Flegrei,1538,3,40.827,14.139
268060,Gamalama,1538,2,0.81,127.3322
357120,Villarrica,1538,2,-39.42,-71.93
211060,Etna,1537,2,37.748,14.999
357120,Villarrica,1537,1,-39.42,-71.93
211060,Etna,1536,1,37.748,14.999
284040,Miyakejima,1535,1,34.094,139.526
351080,Galeras,1535,1,1.22,-77.37
352050,Cotopaxi,1534,12,-0.677,-78.436
352050,Cotopaxi,1533,12,-0.677,-78.436
282110,Asosan,1533,11,32.8849,131.085
352050,Cotopaxi,1532,11,-0.677,-78.436
342090,Fuego,1531,11,14.4748,-90.8806
341090,Popocatepetl,1530,11,19.023,-98.622
373010,Grimsvotn,1530,11,64.416,-17.316
262000,Krakatau,1530,16,-6.1009,105.4233
257030,Ambae,1530,16,-15.389,167.835
313030,Redoubt,1530,16,60.485,-152.742
360060,Soufriere Guadeloupe,1530,16,16.044,-61.664
344040,Telica,1529,9,12.606,-86.84
344020,San Cristobal,1528,9,12.702,-87.004
344080,Las Pilas-El Hoyo Complex,1528,9,12.4922,-86.6786
341090,Popocatepetl,1528,9,19.023,-98.622
283110,Asamayama,1528,8,36.406,138.523
283110,Asamayama,1527,8,36.406,138.523
344040,Telica,1527,8,12.606,-86.84
357120,Villarrica,1526,7,-39.42,-71.93
321050,St. Helens,1525,6,46.2,-122.18
343020,Santa Ana,1524,6,13.853,-89.63
342090,Fuego,1524,6,14.4748,-90.8806
344090,Momotombo,1524,5,12.423,-86.539
344100,Masaya,1524,4,11.9844,-86.1688
282090,Kirishimayama,1524,4,31.934,130.862
357120,Villarrica,1523,4,-39.42,-71.93
282110,Asosan,1522,4,32.8849,131.085
343020,Santa Ana,1521,3,13.853,-89.63
373010,Grimsvotn,1521,3,64.416,-17.316
357120,Villarrica,1521,3,-39.42,-71.93
341090,Popocatepetl,1519,3,19.023,-98.622
341040,Colima,1519,3,19.514,-103.62
284050,Hachijojima,1518,2,33.137,139.766
341090,Popocatepetl,1518,1,19.023,-98.622
357120,Villarrica,1516,1,-39.42,-71.93
357120,Villarrica,1515,1,-39.42,-71.93
341090,Popocatepetl,1512,12,19.023,-98.622
283030,Fujisan,1511,11,35.361,138.728
372070,Hekla,1510,11,63.983,-19.666
373010,Grimsvotn,1510,11,64.416,-17.316
332020,Mauna Loa,1510,11,19.475,-155.608
343100,San Miguel,1510,16,13.434,-88.269
268060,Gamalama,1510,16,0.81,127.3322
332010,Kilauea,1510,16,19.421,-155.287
313030,Redoubt,1510,16,60.485,-152.742
373010,Grimsvotn,1509,16,64.416,-17.316
357120,Villarrica,1509,9,-39.42,-71.93
385050,Ascension,1508,9,-7.9458,-14.3667
282110,Asosan,1506,9,32.8849,131.085
282110,Asosan,1505,8,32.8849,131.085
342060,Atitlan,1505,8,14.583,-91.186
341090,Popocatepetl,1504,8,19.023,-98.622
357120,Villarrica,1503,8,-39.42,-71.93
332010,Kilauea,1500,8,19.421,-155.287
300272,Khangar,1500,7,54.761,157.407
285040,Shikotsu,1500,7,42.688,141.38
332020,Mauna Loa,1500,7,19.475,-155.608
344010,Cosiguina,1500,6,12.98,-87.57
373010,Grimsvotn,1500,6,64.416,-17.316
372030,Katla,1500,6,63.633,-19.083
384010,Fogo,1500,6,14.95,-24.35
211020,Vesuvius,1500,6,40.821,14.426
390030,Deception Island,1500,5,-62.9567,-60.6367
241030,Taranaki,1500,5,-39.3,174.07
241080,Tongariro,1500,5,-39.157,175.632
357120,Villarrica,1497,5,-39.42,-71.93
357120,Villarrica,1494,5,-39.42,-71.93
211060,Etna,1493,5,37.748,14.999
383030,Tenerife,1492,4,28.271,-16.641
357120,Villarrica,1492,4,-39.42,-71.93
332010,Kilauea,1490,3,19.421,-155.287
373010,Grimsvotn,1490,3,64.416,-17.316
354004,Andahua-Orcopampa,1490,3,-15.42,-72.33
341090,Popocatepetl,1488,2,19.023,-98.622
284050,Hachijojima,1487,2,33.137,139.766
282110,Asosan,1485,1,32.8849,131.085
357120,Villarrica,1483,1,-39.42,-71.93
382030,Sao Jorge,1483,1,38.65,-28.08
321050,St. Helens,1482,1,46.2,-122.18
263280,Kelud,1481,12,-7.935,112.314
383010,La Palma,1481,12,28.57,-17.83
321050,St. Helens,1480,12,46.2,-122.18
360150,Soufriere St. Vincent,1480,11,13.33,-61.18
263250,Merapi,1480,11,-7.54,110.446
241030,Taranaki,1480,11,-39.3,174.07
360050,Soufriere Hills,1480,11,16.72,-62.18
357120,Villarrica,1479,11,-39.42,-71.93
282080,Aira,1478,11,31.5772,130.6589
372050,Torfajokull,1477,16,63.892,-19.122
373030,Bardarbunga,1477,16,64.633,-17.516
357120,Villarrica,1474,9,-39.42,-71.93
282110,Asosan,1473,9,32.8849,131.085
282080,Aira,1471,8,31.5772,130.6589
284010,Izu-Oshima,1471,8,34.724,139.394
373010,Grimsvotn,1471,8,64.416,-17.316
357120,Villarrica,1471,8,-39.42,-71.93
312090,Aniakchak,1470,8,56.88,-158.17
373010,Grimsvotn,1470,7,64.416,-17.316
222130,Chyulu Hills,1470,7,-2.68,37.88
332020,Mauna Loa,1470,7,19.475,-155.608
283120,Kusatsu-Shiranesan,1470,6,36.618,138.528
282050,Kuchinoerabujima,1470,6,30.443,130.217
284040,Miyakejima,1469,6,34.094,139.526
342060,Atitlan,1469,6,14.583,-91.186
373010,Grimsvotn,1469,6,64.416,-17.316
282080,Aira,1468,5,31.5772,130.6589
385050,Ascension,1468,5,-7.9458,-14.3667
357120,Villarrica,1466,4,-39.42,-71.93
357120,Villarrica,1463,4,-39.42,-71.93
263280,Kelud,1462,3,-7.935,112.314
283070,Yakedake,1460,3,36.227,137.587
360120,Pelee,1460,3,14.809,-61.166
332060,Haleakala,1460,2,20.708,-156.25
332010,Kilauea,1460,2,19.421,-155.287
290080,Sashiusudake [Baransky],1460,2,45.1,148.019
354010,"Misti, El",1454,2,-16.294,-71.409
274060,Iraya,1454,1,20.469,122.01
357120,Villarrica,1454,1,-39.42,-71.93
263280,Kelud,1451,1,-7.935,112.314
263280,Kelud,1450,1,-7.935,112.314
266030,Soputan,1450,12,1.112,124.737
242030,Raoul Island,1450,11,-29.27,-177.92
252080,Witori,1450,11,-5.5745,150.5161
252140,Rabaul,1450,16,-4.2459,152.1937
273083,Pinatubo,1450,16,15.13,120.35
283240,Iwatesan,1450,16,39.853,141.001
283210,Kurikomayama,1450,16,38.961,140.788
353020,Wolf,1450,16,0.02,-91.35
342080,Acatenango,1450,9,14.501,-90.876
373010,Grimsvotn,1450,9,64.416,-17.316
372030,Katla,1450,9,63.633,-19.083
222164,Ngozi,1450,9,-9.0036,33.552
300130,Karymsky,1450,9,54.049,159.443
321030,Rainier,1450,8,46.853,-121.76
357120,Villarrica,1448,8,-39.42,-71.93
211060,Etna,1447,7,37.748,14.999
211060,Etna,1446,7,37.748,14.999
241020,Auckland Volcanic Field,1446,7,-36.89,174.81
211050,Vulcano,1444,6,38.404,14.962
211060,Etna,1444,6,37.748,14.999
382080,Sete Cidades,1444,6,37.865,-25.785
284010,Izu-Oshima,1442,6,34.724,139.394
382100,Furnas,1441,6,37.77,-25.32
213020,Nemrut Dagi,1441,6,38.654,42.229
233020,"Fournaise, Piton de la",1440,5,-21.244,55.708
372070,Hekla,1440,5,63.983,-19.666
332020,Mauna Loa,1440,5,19.475,-155.608
345033,Arenal,1440,4,10.463,-84.703
352006,Cayambe,1440,3,0.029,-77.986
283070,Yakedake,1440,3,36.227,137.587
282050,Kuchinoerabujima,1440,2,30.443,130.217
263250,Merapi,1440,2,-7.54,110.446
372030,Katla,1440,2,63.633,-19.083
282110,Asosan,1438,2,32.8849,131.085
283030,Fujisan,1435,1,35.361,138.728
282110,Asosan,1434,1,32.8849,131.085
357120,Villarrica,1433,1,-39.42,-71.93
300270,Sheveluch,1430,12,56.653,161.36
282060,Kikai,1430,12,30.793,130.305
373010,Grimsvotn,1430,12,64.416,-17.316
382100,Furnas,1430,12,37.77,-25.32
382030,Sao Jorge,1426,12,38.65,-28.08
257070,Kuwae,1425,11,-16.8304,168.5227
371022,Eldey,1422,11,63.733,-23
212050,Nisyros,1422,11,36.5888,27.1553
284010,Izu-Oshima,1421,11,34.724,139.394
245010,Taveuni,1420,16,-16.8412,-179.9644
332060,Haleakala,1420,16,20.708,-156.25
311320,Akutan,1420,16,54.134,-165.986
357120,Villarrica,1417,16,-39.42,-71.93
284010,Izu-Oshima,1416,9,34.724,139.394
372030,Katla,1416,9,63.633,-19.083
284010,Izu-Oshima,1415,9,34.724,139.394
357120,Villarrica,1413,9,-39.42,-71.93
263280,Kelud,1411,9,-7.935,112.314
283150,Nasudake,1410,9,37.125,139.963
373030,Bardarbunga,1410,8,64.633,-17.516
332010,Kilauea,1410,8,19.421,-155.287
357120,Villarrica,1410,8,-39.42,-71.93
211060,Etna,1408,8,37.748,14.999
283150,Nasudake,1408,8,37.125,139.963
283150,Nasudake,1404,7,37.125,139.963
357120,Villarrica,1404,7,-39.42,-71.93
213020,Nemrut Dagi,1402,7,38.654,42.229
221100,Dubbi,1400,5,13.579,41.809
